[{"model": "questionnaire.category", "pk": 1, "fields": {"name": "Mental Health", "owner": 1}}, {"model": "questionnaire.category", "pk": 2, "fields": {"name": "Physical Health", "owner": 1}}, {"model": "questionnaire.questionnaire", "pk": 1, "fields": {"category": 1, "owner": 1, "title": "Drinking Motives Questionnaire (Adolescent Version)", "created_at": "2024-02-29T02:33:29.195Z", "updated_at": "2024-02-29T02:33:29.195Z"}}, {"model": "questionnaire.questionnaire", "pk": 2, "fields": {"category": 1, "owner": 1, "title": "Drinking Motives Questionnaire (Adult Version)", "created_at": "2024-02-29T02:33:35.140Z", "updated_at": "2024-02-29T02:33:35.140Z"}}, {"model": "questionnaire.factors", "pk": 1, "fields": {"questionnaire": 1, "title": "Enhancement Motives"}}, {"model": "questionnaire.factors", "pk": 2, "fields": {"questionnaire": 1, "title": "Coping Motives"}}, {"model": "questionnaire.factors", "pk": 3, "fields": {"questionnaire": 1, "title": "Conformity Motives"}}, {"model": "questionnaire.factors", "pk": 5, "fields": {"questionnaire": 1, "title": "Social Motives"}}, {"model": "questionnaire.question", "pk": 1, "fields": {"questionnaire": 1, "factor": 1, "title": "How often do you drink because you like the feeling?", "responses": [1, 2, 3, 4, 5, 6]}}, {"model": "questionnaire.question", "pk": 2, "fields": {"questionnaire": 1, "factor": 1, "title": "How often do you drink because it’s exciting?", "responses": [1, 2, 3, 4, 5, 6]}}, {"model": "questionnaire.question", "pk": 3, "fields": {"questionnaire": 1, "factor": 1, "title": "How often do you drink to get high?", "responses": [1, 2, 3, 4, 5, 6]}}, {"model": "questionnaire.question", "pk": 4, "fields": {"questionnaire": 1, "factor": 1, "title": "How often do you drink because it gives you a pleasant feeling?", "responses": [1, 2, 3, 4, 5, 6]}}, {"model": "questionnaire.question", "pk": 5, "fields": {"questionnaire": 1, "factor": 1, "title": "How often do you drink because it’s fun?", "responses": [1, 2, 3, 4, 5, 6]}}, {"model": "questionnaire.question", "pk": 6, "fields": {"questionnaire": 1, "factor": 2, "title": "How often do you drink to forget your worries?", "responses": [1, 2, 3, 4, 5, 6]}}, {"model": "questionnaire.question", "pk": 7, "fields": {"questionnaire": 1, "factor": 2, "title": "How often do you drink because it helps you when you feel depressed or nervous?", "responses": [1, 2, 3, 4, 5, 6]}}, {"model": "questionnaire.question", "pk": 8, "fields": {"questionnaire": 1, "factor": 2, "title": "How often do you drink to cheer up when you’re in a bad mood?", "responses": [1, 2, 3, 4, 5, 6]}}, {"model": "questionnaire.question", "pk": 9, "fields": {"questionnaire": 1, "factor": 2, "title": "How often do you drink because you feel more self-confident or sure of yourself?", "responses": [1, 2, 3, 4, 5, 6]}}, {"model": "questionnaire.question", "pk": 10, "fields": {"questionnaire": 1, "factor": 3, "title": "How often do you drink because your friends pressure you to drink?", "responses": [1, 2, 3, 4, 5, 6]}}, {"model": "questionnaire.question", "pk": 11, "fields": {"questionnaire": 1, "factor": 2, "title": "How often do you drink to forget about your problems?", "responses": [1, 2, 3, 4, 5, 6]}}, {"model": "questionnaire.question", "pk": 12, "fields": {"questionnaire": 1, "factor": 3, "title": "How often do you drink so that others won’t kid you about not drinking?", "responses": [1, 2, 3, 4, 5, 6]}}, {"model": "questionnaire.question", "pk": 13, "fields": {"questionnaire": 1, "factor": 3, "title": "How often would you say you drink to fit in with a group you like?", "responses": [1, 2, 3, 4, 5, 6]}}, {"model": "questionnaire.question", "pk": 14, "fields": {"questionnaire": 1, "factor": 3, "title": "How often do you drink to be liked?", "responses": [1, 2, 3, 4, 5, 6]}}, {"model": "questionnaire.question", "pk": 15, "fields": {"questionnaire": 1, "factor": 3, "title": "How often do you drink so you won’t feel left out?", "responses": [1, 2, 3, 4, 5, 6]}}, {"model": "questionnaire.question", "pk": 16, "fields": {"questionnaire": 1, "factor": 5, "title": "How often do you drink because it help you enjoy a party?", "responses": [1, 2, 3, 4, 5, 6]}}, {"model": "questionnaire.question", "pk": 17, "fields": {"questionnaire": 1, "factor": 5, "title": "How often would you say you drink to be sociable?", "responses": [1, 2, 3, 4, 5, 6]}}, {"model": "questionnaire.question", "pk": 18, "fields": {"questionnaire": 1, "factor": 5, "title": "How often do you drink because it makes social gatherings more fun?", "responses": [1, 2, 3, 4, 5, 6]}}, {"model": "questionnaire.question", "pk": 19, "fields": {"questionnaire": 1, "factor": 5, "title": "How often do you drink because it improves parties and celebrations?", "responses": [1, 2, 3, 4, 5, 6]}}, {"model": "questionnaire.question", "pk": 20, "fields": {"questionnaire": 1, "factor": 5, "title": "How often do you drink to celebrate a special occasion with friends?", "responses": [1, 2, 3, 4, 5, 6]}}, {"model": "questionnaire.question", "pk": 21, "fields": {"questionnaire": 2, "factor": 1, "title": "How often do you drink because you like the feeling?", "responses": [1, 2, 3, 4, 5, 6]}}, {"model": "questionnaire.question", "pk": 22, "fields": {"questionnaire": 2, "factor": 1, "title": "How often do you drink because it’s exciting?", "responses": [1, 2, 3, 4, 5, 6]}}, {"model": "questionnaire.question", "pk": 23, "fields": {"questionnaire": 2, "factor": 1, "title": "How often do you drink to get high?", "responses": [1, 2, 3, 4, 5, 6]}}, {"model": "questionnaire.question", "pk": 24, "fields": {"questionnaire": 2, "factor": 1, "title": "How often do you drink because it gives you a pleasant feeling?", "responses": [1, 2, 3, 4, 5, 6]}}, {"model": "questionnaire.question", "pk": 25, "fields": {"questionnaire": 2, "factor": 1, "title": "How often do you drink because it’s fun?", "responses": [1, 2, 3, 4, 5, 6]}}, {"model": "questionnaire.question", "pk": 26, "fields": {"questionnaire": 2, "factor": 2, "title": "How often do you drink to forget your worries?", "responses": [1, 2, 3, 4, 5, 6]}}, {"model": "questionnaire.question", "pk": 27, "fields": {"questionnaire": 2, "factor": 2, "title": "How often do you drink because it helps you when you feel depressed or nervous?", "responses": [1, 2, 3, 4, 5, 6]}}, {"model": "questionnaire.question", "pk": 28, "fields": {"questionnaire": 2, "factor": 2, "title": "How often do you drink to cheer up when you’re in a bad mood?", "responses": [1, 2, 3, 4, 5, 6]}}, {"model": "questionnaire.question", "pk": 29, "fields": {"questionnaire": 2, "factor": 2, "title": "How often do you drink because you feel more self-confident or sure of yourself?", "responses": [1, 2, 3, 4, 5, 6]}}, {"model": "questionnaire.question", "pk": 30, "fields": {"questionnaire": 2, "factor": 2, "title": "How often do you drink to forget about your problems?", "responses": [1, 2, 3, 4, 5, 6]}}, {"model": "questionnaire.question", "pk": 31, "fields": {"questionnaire": 2, "factor": 3, "title": "How often do you drink because your friends pressure you to drink?", "responses": [1, 2, 3, 4, 5, 6]}}, {"model": "questionnaire.question", "pk": 32, "fields": {"questionnaire": 2, "factor": 3, "title": "How often do you drink so that others won’t kid you about not drinking?", "responses": [1, 2, 3, 4, 5, 6]}}, {"model": "questionnaire.question", "pk": 33, "fields": {"questionnaire": 2, "factor": 3, "title": "How often would you say you drink to fit in with a group you like?", "responses": [1, 2, 3, 4, 5, 6]}}, {"model": "questionnaire.question", "pk": 34, "fields": {"questionnaire": 2, "factor": 3, "title": "How often do you drink to be liked?", "responses": [1, 2, 3, 4, 5, 6]}}, {"model": "questionnaire.question", "pk": 35, "fields": {"questionnaire": 2, "factor": 3, "title": "How often do you drink so you won’t feel left out?", "responses": [1, 2, 3, 4, 5, 6]}}, {"model": "questionnaire.question", "pk": 36, "fields": {"questionnaire": 2, "factor": 5, "title": "How often do you drink because it help you enjoy a party?", "responses": [1, 2, 3, 4, 5, 6]}}, {"model": "questionnaire.question", "pk": 37, "fields": {"questionnaire": 2, "factor": 5, "title": "How often would you say you drink to be sociable?", "responses": [1, 2, 3, 4, 5, 6]}}, {"model": "questionnaire.question", "pk": 38, "fields": {"questionnaire": 2, "factor": 5, "title": "How often do you drink because it makes social gatherings more fun?", "responses": [1, 2, 3, 4, 5, 6]}}, {"model": "questionnaire.question", "pk": 39, "fields": {"questionnaire": 2, "factor": 5, "title": "How often do you drink because it improves parties and celebrations?", "responses": [1, 2, 3, 4, 5, 6]}}, {"model": "questionnaire.question", "pk": 40, "fields": {"questionnaire": 2, "factor": 5, "title": "How often do you drink to celebrate a special occasion with friends?", "responses": [1, 2, 3, 4, 5, 6]}}, {"model": "questionnaire.response", "pk": 1, "fields": {"question": null, "response": "1. Never", "questionnaire": 1}}, {"model": "questionnaire.response", "pk": 2, "fields": {"question": null, "response": "2.  Almost never", "questionnaire": 1}}, {"model": "questionnaire.response", "pk": 3, "fields": {"question": null, "response": "3.  Some of the time", "questionnaire": 1}}, {"model": "questionnaire.response", "pk": 4, "fields": {"question": null, "response": "4.  About half of the time", "questionnaire": 1}}, {"model": "questionnaire.response", "pk": 5, "fields": {"question": null, "response": "5.  Most of the time", "questionnaire": 1}}, {"model": "questionnaire.response", "pk": 6, "fields": {"question": null, "response": "6.  Almost always", "questionnaire": 1}}, {"model": "questionnaire.submittedresponse", "pk": 1, "fields": {"user": 2, "questionnaire": 2, "question": 21, "response": 2}}, {"model": "questionnaire.submittedresponse", "pk": 2, "fields": {"user": 2, "questionnaire": 2, "question": 22, "response": 3}}, {"model": "questionnaire.submittedresponse", "pk": 3, "fields": {"user": 2, "questionnaire": 2, "question": 23, "response": 3}}, {"model": "questionnaire.submittedresponse", "pk": 4, "fields": {"user": 2, "questionnaire": 2, "question": 24, "response": 5}}, {"model": "questionnaire.submittedresponse", "pk": 5, "fields": {"user": 2, "questionnaire": 2, "question": 25, "response": 5}}, {"model": "questionnaire.submittedresponse", "pk": 6, "fields": {"user": 2, "questionnaire": 2, "question": 26, "response": 5}}, {"model": "questionnaire.submittedresponse", "pk": 7, "fields": {"user": 2, "questionnaire": 2, "question": 27, "response": 5}}, {"model": "questionnaire.submittedresponse", "pk": 8, "fields": {"user": 2, "questionnaire": 2, "question": 28, "response": 4}}, {"model": "questionnaire.submittedresponse", "pk": 9, "fields": {"user": 2, "questionnaire": 2, "question": 29, "response": 4}}, {"model": "questionnaire.submittedresponse", "pk": 10, "fields": {"user": 2, "questionnaire": 2, "question": 30, "response": 4}}, {"model": "questionnaire.submittedresponse", "pk": 11, "fields": {"user": 2, "questionnaire": 2, "question": 31, "response": 4}}, {"model": "questionnaire.submittedresponse", "pk": 12, "fields": {"user": 2, "questionnaire": 2, "question": 32, "response": 4}}, {"model": "questionnaire.submittedresponse", "pk": 13, "fields": {"user": 2, "questionnaire": 2, "question": 33, "response": 3}}, {"model": "questionnaire.submittedresponse", "pk": 14, "fields": {"user": 2, "questionnaire": 2, "question": 34, "response": 3}}, {"model": "questionnaire.submittedresponse", "pk": 15, "fields": {"user": 2, "questionnaire": 2, "question": 35, "response": 4}}, {"model": "questionnaire.submittedresponse", "pk": 16, "fields": {"user": 2, "questionnaire": 2, "question": 36, "response": 4}}, {"model": "questionnaire.submittedresponse", "pk": 17, "fields": {"user": 2, "questionnaire": 2, "question": 37, "response": 4}}, {"model": "questionnaire.submittedresponse", "pk": 18, "fields": {"user": 2, "questionnaire": 2, "question": 38, "response": 4}}, {"model": "questionnaire.submittedresponse", "pk": 19, "fields": {"user": 2, "questionnaire": 2, "question": 39, "response": 5}}, {"model": "questionnaire.submittedresponse", "pk": 20, "fields": {"user": 2, "questionnaire": 2, "question": 40, "response": 4}}, {"model": "questionnaire.submittedresponse", "pk": 21, "fields": {"user": 1, "questionnaire": 2, "question": 21, "response": 5}}, {"model": "questionnaire.submittedresponse", "pk": 22, "fields": {"user": 1, "questionnaire": 2, "question": 22, "response": 3}}, {"model": "questionnaire.submittedresponse", "pk": 23, "fields": {"user": 1, "questionnaire": 2, "question": 23, "response": 4}}, {"model": "questionnaire.submittedresponse", "pk": 24, "fields": {"user": 1, "questionnaire": 2, "question": 24, "response": 5}}, {"model": "questionnaire.submittedresponse", "pk": 25, "fields": {"user": 1, "questionnaire": 2, "question": 25, "response": 4}}, {"model": "questionnaire.submittedresponse", "pk": 26, "fields": {"user": 1, "questionnaire": 2, "question": 26, "response": 3}}, {"model": "questionnaire.submittedresponse", "pk": 27, "fields": {"user": 1, "questionnaire": 2, "question": 27, "response": 5}}, {"model": "questionnaire.submittedresponse", "pk": 28, "fields": {"user": 1, "questionnaire": 2, "question": 28, "response": 6}}, {"model": "questionnaire.submittedresponse", "pk": 29, "fields": {"user": 1, "questionnaire": 2, "question": 29, "response": 4}}, {"model": "questionnaire.submittedresponse", "pk": 30, "fields": {"user": 1, "questionnaire": 2, "question": 30, "response": 3}}, {"model": "questionnaire.submittedresponse", "pk": 31, "fields": {"user": 1, "questionnaire": 2, "question": 31, "response": 2}}, {"model": "questionnaire.submittedresponse", "pk": 32, "fields": {"user": 1, "questionnaire": 2, "question": 32, "response": 1}}, {"model": "questionnaire.submittedresponse", "pk": 33, "fields": {"user": 1, "questionnaire": 2, "question": 33, "response": 5}}, {"model": "questionnaire.submittedresponse", "pk": 34, "fields": {"user": 1, "questionnaire": 2, "question": 34, "response": 4}}, {"model": "questionnaire.submittedresponse", "pk": 35, "fields": {"user": 1, "questionnaire": 2, "question": 35, "response": 3}}, {"model": "questionnaire.submittedresponse", "pk": 36, "fields": {"user": 1, "questionnaire": 2, "question": 36, "response": 2}}, {"model": "questionnaire.submittedresponse", "pk": 37, "fields": {"user": 1, "questionnaire": 2, "question": 37, "response": 5}}, {"model": "questionnaire.submittedresponse", "pk": 38, "fields": {"user": 1, "questionnaire": 2, "question": 38, "response": 6}}, {"model": "questionnaire.submittedresponse", "pk": 39, "fields": {"user": 1, "questionnaire": 2, "question": 39, "response": 2}}, {"model": "questionnaire.submittedresponse", "pk": 40, "fields": {"user": 1, "questionnaire": 2, "question": 40, "response": 4}}, {"model": "questionnaire.submittedresponse", "pk": 41, "fields": {"user": 3, "questionnaire": 2, "question": 21, "response": 3}}, {"model": "questionnaire.submittedresponse", "pk": 42, "fields": {"user": 3, "questionnaire": 2, "question": 22, "response": 3}}, {"model": "questionnaire.submittedresponse", "pk": 43, "fields": {"user": 3, "questionnaire": 2, "question": 23, "response": 3}}, {"model": "questionnaire.submittedresponse", "pk": 44, "fields": {"user": 3, "questionnaire": 2, "question": 24, "response": 4}}, {"model": "questionnaire.submittedresponse", "pk": 45, "fields": {"user": 3, "questionnaire": 2, "question": 25, "response": 4}}, {"model": "questionnaire.submittedresponse", "pk": 46, "fields": {"user": 3, "questionnaire": 2, "question": 26, "response": 4}}, {"model": "questionnaire.submittedresponse", "pk": 47, "fields": {"user": 3, "questionnaire": 2, "question": 27, "response": 3}}, {"model": "questionnaire.submittedresponse", "pk": 48, "fields": {"user": 3, "questionnaire": 2, "question": 28, "response": 3}}, {"model": "questionnaire.submittedresponse", "pk": 49, "fields": {"user": 3, "questionnaire": 2, "question": 29, "response": 3}}, {"model": "questionnaire.submittedresponse", "pk": 50, "fields": {"user": 3, "questionnaire": 2, "question": 30, "response": 3}}, {"model": "questionnaire.submittedresponse", "pk": 51, "fields": {"user": 3, "questionnaire": 2, "question": 31, "response": 3}}, {"model": "questionnaire.submittedresponse", "pk": 52, "fields": {"user": 3, "questionnaire": 2, "question": 32, "response": 3}}, {"model": "questionnaire.submittedresponse", "pk": 53, "fields": {"user": 3, "questionnaire": 2, "question": 33, "response": 4}}, {"model": "questionnaire.submittedresponse", "pk": 54, "fields": {"user": 3, "questionnaire": 2, "question": 34, "response": 4}}, {"model": "questionnaire.submittedresponse", "pk": 55, "fields": {"user": 3, "questionnaire": 2, "question": 35, "response": 5}}, {"model": "questionnaire.submittedresponse", "pk": 56, "fields": {"user": 3, "questionnaire": 2, "question": 36, "response": 5}}, {"model": "questionnaire.submittedresponse", "pk": 57, "fields": {"user": 3, "questionnaire": 2, "question": 37, "response": 6}}, {"model": "questionnaire.submittedresponse", "pk": 58, "fields": {"user": 3, "questionnaire": 2, "question": 38, "response": 6}}, {"model": "questionnaire.submittedresponse", "pk": 59, "fields": {"user": 3, "questionnaire": 2, "question": 39, "response": 6}}, {"model": "questionnaire.submittedresponse", "pk": 60, "fields": {"user": 3, "questionnaire": 2, "question": 40, "response": 1}}, {"model": "admin.logentry", "pk": 1, "fields": {"action_time": "2024-02-29T02:33:13.662Z", "user": 1, "content_type": 1, "object_id": "1", "object_repr": "Mental Health", "action_flag": 1, "change_message": "[{\"added\": {}}]"}}, {"model": "admin.logentry", "pk": 2, "fields": {"action_time": "2024-02-29T02:33:18.859Z", "user": 1, "content_type": 1, "object_id": "2", "object_repr": "Physical Health", "action_flag": 1, "change_message": "[{\"added\": {}}]"}}, {"model": "admin.logentry", "pk": 3, "fields": {"action_time": "2024-02-29T02:33:29.195Z", "user": 1, "content_type": 6, "object_id": "1", "object_repr": "Drinking Motives Questionnaire (Adolescent Version)", "action_flag": 1, "change_message": "[{\"added\": {}}]"}}, {"model": "admin.logentry", "pk": 4, "fields": {"action_time": "2024-02-29T02:33:35.140Z", "user": 1, "content_type": 6, "object_id": "2", "object_repr": "Drinking Motives Questionnaire (Adult Version)", "action_flag": 1, "change_message": "[{\"added\": {}}]"}}, {"model": "admin.logentry", "pk": 5, "fields": {"action_time": "2024-02-29T02:39:57.593Z", "user": 1, "content_type": 4, "object_id": "1", "object_repr": "1. Never", "action_flag": 1, "change_message": "[{\"added\": {}}]"}}, {"model": "admin.logentry", "pk": 6, "fields": {"action_time": "2024-02-29T02:40:07.836Z", "user": 1, "content_type": 4, "object_id": "1", "object_repr": "1. Never", "action_flag": 2, "change_message": "[]"}}, {"model": "admin.logentry", "pk": 7, "fields": {"action_time": "2024-02-29T02:40:15.603Z", "user": 1, "content_type": 4, "object_id": "2", "object_repr": "2.  Almost never", "action_flag": 1, "change_message": "[{\"added\": {}}]"}}, {"model": "admin.logentry", "pk": 8, "fields": {"action_time": "2024-02-29T02:41:38.119Z", "user": 1, "content_type": 4, "object_id": "3", "object_repr": "3.  Some of the time", "action_flag": 1, "change_message": "[{\"added\": {}}]"}}, {"model": "admin.logentry", "pk": 9, "fields": {"action_time": "2024-02-29T02:42:05.625Z", "user": 1, "content_type": 4, "object_id": "4", "object_repr": "4.  About half of the time", "action_flag": 1, "change_message": "[{\"added\": {}}]"}}, {"model": "admin.logentry", "pk": 10, "fields": {"action_time": "2024-02-29T02:42:15.539Z", "user": 1, "content_type": 4, "object_id": "5", "object_repr": "5.  Most of the time", "action_flag": 1, "change_message": "[{\"added\": {}}]"}}, {"model": "admin.logentry", "pk": 11, "fields": {"action_time": "2024-02-29T02:42:20.673Z", "user": 1, "content_type": 4, "object_id": "6", "object_repr": "6.  Almost always", "action_flag": 1, "change_message": "[{\"added\": {}}]"}}, {"model": "admin.logentry", "pk": 12, "fields": {"action_time": "2024-02-29T02:42:44.891Z", "user": 1, "content_type": 2, "object_id": "1", "object_repr": "Enhancement Motives", "action_flag": 1, "change_message": "[{\"added\": {}}]"}}, {"model": "admin.logentry", "pk": 13, "fields": {"action_time": "2024-02-29T02:43:11.721Z", "user": 1, "content_type": 2, "object_id": "2", "object_repr": "Coping Motives", "action_flag": 1, "change_message": "[{\"added\": {}}]"}}, {"model": "admin.logentry", "pk": 14, "fields": {"action_time": "2024-02-29T02:43:18.358Z", "user": 1, "content_type": 2, "object_id": "3", "object_repr": "Conformity Motives", "action_flag": 1, "change_message": "[{\"added\": {}}]"}}, {"model": "admin.logentry", "pk": 15, "fields": {"action_time": "2024-02-29T02:43:22.599Z", "user": 1, "content_type": 2, "object_id": "4", "object_repr": "Social", "action_flag": 1, "change_message": "[{\"added\": {}}]"}}, {"model": "admin.logentry", "pk": 16, "fields": {"action_time": "2024-02-29T02:43:30.992Z", "user": 1, "content_type": 2, "object_id": "4", "object_repr": "Social", "action_flag": 3, "change_message": ""}}, {"model": "admin.logentry", "pk": 17, "fields": {"action_time": "2024-02-29T02:43:36.655Z", "user": 1, "content_type": 2, "object_id": "5", "object_repr": "Social Motives", "action_flag": 1, "change_message": "[{\"added\": {}}]"}}, {"model": "admin.logentry", "pk": 18, "fields": {"action_time": "2024-02-29T02:44:19.112Z", "user": 1, "content_type": 3, "object_id": "1", "object_repr": "How often do you drink because you like the feeling?", "action_flag": 1, "change_message": "[{\"added\": {}}]"}}, {"model": "admin.logentry", "pk": 19, "fields": {"action_time": "2024-02-29T02:45:04.166Z", "user": 1, "content_type": 3, "object_id": "2", "object_repr": "How often do you drink because it’s exciting?", "action_flag": 1, "change_message": "[{\"added\": {}}]"}}, {"model": "admin.logentry", "pk": 20, "fields": {"action_time": "2024-02-29T02:45:27.533Z", "user": 1, "content_type": 3, "object_id": "3", "object_repr": "How often do you drink to get high?", "action_flag": 1, "change_message": "[{\"added\": {}}]"}}, {"model": "admin.logentry", "pk": 21, "fields": {"action_time": "2024-02-29T03:02:34.677Z", "user": 1, "content_type": 3, "object_id": "4", "object_repr": "How often do you drink because it gives you a pleasant feeling?", "action_flag": 1, "change_message": "[{\"added\": {}}]"}}, {"model": "admin.logentry", "pk": 22, "fields": {"action_time": "2024-02-29T03:03:01.336Z", "user": 1, "content_type": 3, "object_id": "5", "object_repr": "How often do you drink because it’s fun?", "action_flag": 1, "change_message": "[{\"added\": {}}]"}}, {"model": "admin.logentry", "pk": 23, "fields": {"action_time": "2024-02-29T03:03:31.797Z", "user": 1, "content_type": 3, "object_id": "6", "object_repr": "How often do you drink to forget your worries?", "action_flag": 1, "change_message": "[{\"added\": {}}]"}}, {"model": "admin.logentry", "pk": 24, "fields": {"action_time": "2024-02-29T03:03:40.801Z", "user": 1, "content_type": 3, "object_id": "7", "object_repr": "How often do you drink because it helps you when you feel depressed or nervous?", "action_flag": 1, "change_message": "[{\"added\": {}}]"}}, {"model": "admin.logentry", "pk": 25, "fields": {"action_time": "2024-02-29T03:03:58.999Z", "user": 1, "content_type": 3, "object_id": "8", "object_repr": "How often do you drink to cheer up when you’re in a bad mood?", "action_flag": 1, "change_message": "[{\"added\": {}}]"}}, {"model": "admin.logentry", "pk": 26, "fields": {"action_time": "2024-02-29T03:04:21.519Z", "user": 1, "content_type": 3, "object_id": "9", "object_repr": "How often do you drink because you feel more self-confident or sure of yourself?", "action_flag": 1, "change_message": "[{\"added\": {}}]"}}, {"model": "admin.logentry", "pk": 27, "fields": {"action_time": "2024-02-29T03:08:26.187Z", "user": 1, "content_type": 3, "object_id": "10", "object_repr": "How often do you drink because your friends pressure you to drink?", "action_flag": 1, "change_message": "[{\"added\": {}}]"}}, {"model": "admin.logentry", "pk": 28, "fields": {"action_time": "2024-02-29T03:10:10.922Z", "user": 1, "content_type": 3, "object_id": "11", "object_repr": "How often do you drink to forget about your problems?", "action_flag": 1, "change_message": "[{\"added\": {}}]"}}, {"model": "admin.logentry", "pk": 29, "fields": {"action_time": "2024-02-29T03:10:32.471Z", "user": 1, "content_type": 3, "object_id": "12", "object_repr": "How often do you drink so that others won’t kid you about not drinking?", "action_flag": 1, "change_message": "[{\"added\": {}}]"}}, {"model": "admin.logentry", "pk": 30, "fields": {"action_time": "2024-02-29T03:10:51.739Z", "user": 1, "content_type": 3, "object_id": "13", "object_repr": "How often would you say you drink to fit in with a group you like?", "action_flag": 1, "change_message": "[{\"added\": {}}]"}}, {"model": "admin.logentry", "pk": 31, "fields": {"action_time": "2024-02-29T03:11:07.020Z", "user": 1, "content_type": 3, "object_id": "14", "object_repr": "How often do you drink to be liked?", "action_flag": 1, "change_message": "[{\"added\": {}}]"}}, {"model": "admin.logentry", "pk": 32, "fields": {"action_time": "2024-02-29T03:11:23.629Z", "user": 1, "content_type": 3, "object_id": "15", "object_repr": "How often do you drink so you won’t feel left out?", "action_flag": 1, "change_message": "[{\"added\": {}}]"}}, {"model": "admin.logentry", "pk": 33, "fields": {"action_time": "2024-02-29T03:12:00.575Z", "user": 1, "content_type": 3, "object_id": "16", "object_repr": "How often do you drink because it help you enjoy a party?", "action_flag": 1, "change_message": "[{\"added\": {}}]"}}, {"model": "admin.logentry", "pk": 34, "fields": {"action_time": "2024-02-29T03:12:19.401Z", "user": 1, "content_type": 3, "object_id": "17", "object_repr": "How often would you say you drink to be sociable?", "action_flag": 1, "change_message": "[{\"added\": {}}]"}}, {"model": "admin.logentry", "pk": 35, "fields": {"action_time": "2024-02-29T03:12:38.213Z", "user": 1, "content_type": 3, "object_id": "18", "object_repr": "How often do you drink because it makes social gatherings more fun?", "action_flag": 1, "change_message": "[{\"added\": {}}]"}}, {"model": "admin.logentry", "pk": 36, "fields": {"action_time": "2024-02-29T03:12:57.232Z", "user": 1, "content_type": 3, "object_id": "19", "object_repr": "How often do you drink because it improves parties and celebrations?", "action_flag": 1, "change_message": "[{\"added\": {}}]"}}, {"model": "admin.logentry", "pk": 37, "fields": {"action_time": "2024-02-29T03:13:13.084Z", "user": 1, "content_type": 3, "object_id": "20", "object_repr": "How often do you drink to celebrate a special occasion with friends?", "action_flag": 1, "change_message": "[{\"added\": {}}]"}}, {"model": "admin.logentry", "pk": 38, "fields": {"action_time": "2024-02-29T04:03:54.178Z", "user": 1, "content_type": 3, "object_id": "21", "object_repr": "How often do you drink because you like the feeling?", "action_flag": 1, "change_message": "[{\"added\": {}}]"}}, {"model": "admin.logentry", "pk": 39, "fields": {"action_time": "2024-02-29T04:04:10.611Z", "user": 1, "content_type": 3, "object_id": "22", "object_repr": "How often do you drink because it’s exciting?", "action_flag": 1, "change_message": "[{\"added\": {}}]"}}, {"model": "admin.logentry", "pk": 40, "fields": {"action_time": "2024-02-29T04:04:24.861Z", "user": 1, "content_type": 3, "object_id": "23", "object_repr": "How often do you drink to get high?", "action_flag": 1, "change_message": "[{\"added\": {}}]"}}, {"model": "admin.logentry", "pk": 41, "fields": {"action_time": "2024-02-29T04:05:48.639Z", "user": 1, "content_type": 9, "object_id": "1", "object_repr": "Staff", "action_flag": 1, "change_message": "[{\"added\": {}}]"}}, {"model": "admin.logentry", "pk": 42, "fields": {"action_time": "2024-02-29T04:07:21.272Z", "user": 1, "content_type": 10, "object_id": "2", "object_repr": "darbuotojas", "action_flag": 1, "change_message": "[{\"added\": {}}]"}}, {"model": "admin.logentry", "pk": 43, "fields": {"action_time": "2024-02-29T04:08:07.766Z", "user": 1, "content_type": 10, "object_id": "2", "object_repr": "darbuotojas", "action_flag": 2, "change_message": "[{\"changed\": {\"fields\": [\"Staff status\", \"Groups\"]}}]"}}, {"model": "admin.logentry", "pk": 44, "fields": {"action_time": "2024-02-29T04:10:49.551Z", "user": 2, "content_type": 3, "object_id": "24", "object_repr": "How often do you drink because it gives you a pleasant feeling?", "action_flag": 1, "change_message": "[{\"added\": {}}]"}}, {"model": "admin.logentry", "pk": 45, "fields": {"action_time": "2024-02-29T04:11:13.485Z", "user": 2, "content_type": 3, "object_id": "25", "object_repr": "How often do you drink because it’s fun?", "action_flag": 1, "change_message": "[{\"added\": {}}]"}}, {"model": "admin.logentry", "pk": 46, "fields": {"action_time": "2024-02-29T04:11:40.403Z", "user": 2, "content_type": 3, "object_id": "26", "object_repr": "How often do you drink to forget your worries?", "action_flag": 1, "change_message": "[{\"added\": {}}]"}}, {"model": "admin.logentry", "pk": 47, "fields": {"action_time": "2024-02-29T04:11:52.122Z", "user": 2, "content_type": 3, "object_id": "27", "object_repr": "How often do you drink because it helps you when you feel depressed or nervous?", "action_flag": 1, "change_message": "[{\"added\": {}}]"}}, {"model": "admin.logentry", "pk": 48, "fields": {"action_time": "2024-02-29T04:12:06.694Z", "user": 2, "content_type": 3, "object_id": "28", "object_repr": "How often do you drink to cheer up when you’re in a bad mood?", "action_flag": 1, "change_message": "[{\"added\": {}}]"}}, {"model": "admin.logentry", "pk": 49, "fields": {"action_time": "2024-02-29T04:13:15.470Z", "user": 2, "content_type": 3, "object_id": "29", "object_repr": "How often do you drink because you feel more self-confident or sure of yourself?", "action_flag": 1, "change_message": "[{\"added\": {}}]"}}, {"model": "admin.logentry", "pk": 50, "fields": {"action_time": "2024-02-29T04:13:29.477Z", "user": 2, "content_type": 3, "object_id": "30", "object_repr": "How often do you drink to forget about your problems?", "action_flag": 1, "change_message": "[{\"added\": {}}]"}}, {"model": "admin.logentry", "pk": 51, "fields": {"action_time": "2024-02-29T04:13:50.678Z", "user": 2, "content_type": 3, "object_id": "31", "object_repr": "How often do you drink because your friends pressure you to drink?", "action_flag": 1, "change_message": "[{\"added\": {}}]"}}, {"model": "admin.logentry", "pk": 52, "fields": {"action_time": "2024-02-29T04:14:03.478Z", "user": 2, "content_type": 3, "object_id": "32", "object_repr": "How often do you drink so that others won’t kid you about not drinking?", "action_flag": 1, "change_message": "[{\"added\": {}}]"}}, {"model": "admin.logentry", "pk": 53, "fields": {"action_time": "2024-02-29T04:14:21.966Z", "user": 2, "content_type": 3, "object_id": "33", "object_repr": "How often would you say you drink to fit in with a group you like?", "action_flag": 1, "change_message": "[{\"added\": {}}]"}}, {"model": "admin.logentry", "pk": 54, "fields": {"action_time": "2024-02-29T04:14:38.688Z", "user": 2, "content_type": 3, "object_id": "34", "object_repr": "How often do you drink to be liked?", "action_flag": 1, "change_message": "[{\"added\": {}}]"}}, {"model": "admin.logentry", "pk": 55, "fields": {"action_time": "2024-02-29T04:14:57.291Z", "user": 2, "content_type": 3, "object_id": "35", "object_repr": "How often do you drink so you won’t feel left out?", "action_flag": 1, "change_message": "[{\"added\": {}}]"}}, {"model": "admin.logentry", "pk": 56, "fields": {"action_time": "2024-02-29T04:15:17.464Z", "user": 2, "content_type": 3, "object_id": "36", "object_repr": "How often do you drink because it help you enjoy a party?", "action_flag": 1, "change_message": "[{\"added\": {}}]"}}, {"model": "admin.logentry", "pk": 57, "fields": {"action_time": "2024-02-29T04:15:30.785Z", "user": 2, "content_type": 3, "object_id": "37", "object_repr": "How often would you say you drink to be sociable?", "action_flag": 1, "change_message": "[{\"added\": {}}]"}}, {"model": "admin.logentry", "pk": 58, "fields": {"action_time": "2024-02-29T04:15:49.954Z", "user": 2, "content_type": 3, "object_id": "38", "object_repr": "How often do you drink because it makes social gatherings more fun?", "action_flag": 1, "change_message": "[{\"added\": {}}]"}}, {"model": "admin.logentry", "pk": 59, "fields": {"action_time": "2024-02-29T04:16:04.137Z", "user": 2, "content_type": 3, "object_id": "39", "object_repr": "How often do you drink because it improves parties and celebrations?", "action_flag": 1, "change_message": "[{\"added\": {}}]"}}, {"model": "admin.logentry", "pk": 60, "fields": {"action_time": "2024-02-29T04:16:18.259Z", "user": 2, "content_type": 3, "object_id": "40", "object_repr": "How often do you drink to celebrate a special occasion with friends?", "action_flag": 1, "change_message": "[{\"added\": {}}]"}}, {"model": "admin.logentry", "pk": 61, "fields": {"action_time": "2024-02-29T04:19:59.299Z", "user": 2, "content_type": 4, "object_id": "7", "object_repr": "1. Never", "action_flag": 3, "change_message": ""}}, {"model": "admin.logentry", "pk": 62, "fields": {"action_time": "2024-02-29T04:19:59.305Z", "user": 2, "content_type": 4, "object_id": "8", "object_repr": "2.  Almost never", "action_flag": 3, "change_message": ""}}, {"model": "admin.logentry", "pk": 63, "fields": {"action_time": "2024-02-29T04:19:59.311Z", "user": 2, "content_type": 4, "object_id": "9", "object_repr": "3.  Some of the time", "action_flag": 3, "change_message": ""}}, {"model": "admin.logentry", "pk": 64, "fields": {"action_time": "2024-02-29T04:19:59.315Z", "user": 2, "content_type": 4, "object_id": "10", "object_repr": "4.  About half of the time", "action_flag": 3, "change_message": ""}}, {"model": "admin.logentry", "pk": 65, "fields": {"action_time": "2024-02-29T04:19:59.315Z", "user": 2, "content_type": 4, "object_id": "11", "object_repr": "5.  Most of the time", "action_flag": 3, "change_message": ""}}, {"model": "admin.logentry", "pk": 66, "fields": {"action_time": "2024-02-29T04:19:59.315Z", "user": 2, "content_type": 4, "object_id": "12", "object_repr": "6.  Almost always", "action_flag": 3, "change_message": ""}}, {"model": "admin.logentry", "pk": 67, "fields": {"action_time": "2024-02-29T04:19:59.333Z", "user": 2, "content_type": 4, "object_id": "13", "object_repr": "5.  Most of the time", "action_flag": 3, "change_message": ""}}, {"model": "admin.logentry", "pk": 68, "fields": {"action_time": "2024-02-29T04:19:59.333Z", "user": 2, "content_type": 4, "object_id": "14", "object_repr": "4.  About half of the time", "action_flag": 3, "change_message": ""}}, {"model": "admin.logentry", "pk": 69, "fields": {"action_time": "2024-02-29T04:19:59.333Z", "user": 2, "content_type": 4, "object_id": "15", "object_repr": "3.  Some of the time", "action_flag": 3, "change_message": ""}}, {"model": "admin.logentry", "pk": 70, "fields": {"action_time": "2024-02-29T04:19:59.349Z", "user": 2, "content_type": 4, "object_id": "16", "object_repr": "2.  Almost never", "action_flag": 3, "change_message": ""}}, {"model": "admin.logentry", "pk": 71, "fields": {"action_time": "2024-02-29T04:19:59.353Z", "user": 2, "content_type": 4, "object_id": "17", "object_repr": "1. Never", "action_flag": 3, "change_message": ""}}, {"model": "admin.logentry", "pk": 72, "fields": {"action_time": "2024-02-29T04:19:59.358Z", "user": 2, "content_type": 4, "object_id": "18", "object_repr": "2.  Almost never", "action_flag": 3, "change_message": ""}}, {"model": "admin.logentry", "pk": 73, "fields": {"action_time": "2024-02-29T04:19:59.363Z", "user": 2, "content_type": 4, "object_id": "19", "object_repr": "3.  Some of the time", "action_flag": 3, "change_message": ""}}, {"model": "admin.logentry", "pk": 74, "fields": {"action_time": "2024-02-29T04:19:59.366Z", "user": 2, "content_type": 4, "object_id": "20", "object_repr": "4.  About half of the time", "action_flag": 3, "change_message": ""}}, {"model": "admin.logentry", "pk": 75, "fields": {"action_time": "2024-02-29T04:19:59.366Z", "user": 2, "content_type": 4, "object_id": "21", "object_repr": "5.  Most of the time", "action_flag": 3, "change_message": ""}}, {"model": "admin.logentry", "pk": 76, "fields": {"action_time": "2024-02-29T04:19:59.366Z", "user": 2, "content_type": 4, "object_id": "22", "object_repr": "6.  Almost always", "action_flag": 3, "change_message": ""}}, {"model": "admin.logentry", "pk": 77, "fields": {"action_time": "2024-02-29T04:19:59.383Z", "user": 2, "content_type": 4, "object_id": "23", "object_repr": "5.  Most of the time", "action_flag": 3, "change_message": ""}}, {"model": "admin.logentry", "pk": 78, "fields": {"action_time": "2024-02-29T04:19:59.388Z", "user": 2, "content_type": 4, "object_id": "24", "object_repr": "4.  About half of the time", "action_flag": 3, "change_message": ""}}, {"model": "admin.logentry", "pk": 79, "fields": {"action_time": "2024-02-29T04:19:59.392Z", "user": 2, "content_type": 4, "object_id": "25", "object_repr": "3.  Some of the time", "action_flag": 3, "change_message": ""}}, {"model": "admin.logentry", "pk": 80, "fields": {"action_time": "2024-02-29T04:19:59.398Z", "user": 2, "content_type": 4, "object_id": "26", "object_repr": "4.  About half of the time", "action_flag": 3, "change_message": ""}}, {"model": "admin.logentry", "pk": 81, "fields": {"action_time": "2024-02-29T04:19:59.400Z", "user": 2, "content_type": 4, "object_id": "27", "object_repr": "4.  About half of the time", "action_flag": 3, "change_message": ""}}, {"model": "admin.logentry", "pk": 82, "fields": {"action_time": "2024-02-29T04:19:59.400Z", "user": 2, "content_type": 4, "object_id": "28", "object_repr": "4.  About half of the time", "action_flag": 3, "change_message": ""}}, {"model": "admin.logentry", "pk": 83, "fields": {"action_time": "2024-02-29T04:19:59.400Z", "user": 2, "content_type": 4, "object_id": "29", "object_repr": "4.  About half of the time", "action_flag": 3, "change_message": ""}}, {"model": "admin.logentry", "pk": 84, "fields": {"action_time": "2024-02-29T04:19:59.418Z", "user": 2, "content_type": 4, "object_id": "30", "object_repr": "4.  About half of the time", "action_flag": 3, "change_message": ""}}, {"model": "admin.logentry", "pk": 85, "fields": {"action_time": "2024-02-29T04:19:59.422Z", "user": 2, "content_type": 4, "object_id": "31", "object_repr": "4.  About half of the time", "action_flag": 3, "change_message": ""}}, {"model": "admin.logentry", "pk": 86, "fields": {"action_time": "2024-02-29T04:19:59.427Z", "user": 2, "content_type": 4, "object_id": "32", "object_repr": "4.  About half of the time", "action_flag": 3, "change_message": ""}}, {"model": "admin.logentry", "pk": 87, "fields": {"action_time": "2024-02-29T04:19:59.433Z", "user": 2, "content_type": 4, "object_id": "33", "object_repr": "4.  About half of the time", "action_flag": 3, "change_message": ""}}, {"model": "admin.logentry", "pk": 88, "fields": {"action_time": "2024-02-29T04:19:59.433Z", "user": 2, "content_type": 4, "object_id": "34", "object_repr": "4.  About half of the time", "action_flag": 3, "change_message": ""}}, {"model": "admin.logentry", "pk": 89, "fields": {"action_time": "2024-02-29T04:19:59.433Z", "user": 2, "content_type": 4, "object_id": "35", "object_repr": "4.  About half of the time", "action_flag": 3, "change_message": ""}}, {"model": "admin.logentry", "pk": 90, "fields": {"action_time": "2024-02-29T04:19:59.433Z", "user": 2, "content_type": 4, "object_id": "36", "object_repr": "4.  About half of the time", "action_flag": 3, "change_message": ""}}, {"model": "admin.logentry", "pk": 91, "fields": {"action_time": "2024-02-29T04:19:59.452Z", "user": 2, "content_type": 4, "object_id": "37", "object_repr": "4.  About half of the time", "action_flag": 3, "change_message": ""}}, {"model": "admin.logentry", "pk": 92, "fields": {"action_time": "2024-02-29T04:19:59.457Z", "user": 2, "content_type": 4, "object_id": "38", "object_repr": "4.  About half of the time", "action_flag": 3, "change_message": ""}}, {"model": "admin.logentry", "pk": 93, "fields": {"action_time": "2024-02-29T04:19:59.462Z", "user": 2, "content_type": 4, "object_id": "39", "object_repr": "4.  About half of the time", "action_flag": 3, "change_message": ""}}, {"model": "admin.logentry", "pk": 94, "fields": {"action_time": "2024-02-29T04:19:59.467Z", "user": 2, "content_type": 4, "object_id": "40", "object_repr": "4.  About half of the time", "action_flag": 3, "change_message": ""}}, {"model": "admin.logentry", "pk": 95, "fields": {"action_time": "2024-02-29T04:19:59.467Z", "user": 2, "content_type": 4, "object_id": "41", "object_repr": "4.  About half of the time", "action_flag": 3, "change_message": ""}}, {"model": "admin.logentry", "pk": 96, "fields": {"action_time": "2024-02-29T04:19:59.467Z", "user": 2, "content_type": 4, "object_id": "42", "object_repr": "4.  About half of the time", "action_flag": 3, "change_message": ""}}, {"model": "admin.logentry", "pk": 97, "fields": {"action_time": "2024-02-29T04:19:59.483Z", "user": 2, "content_type": 4, "object_id": "43", "object_repr": "4.  About half of the time", "action_flag": 3, "change_message": ""}}, {"model": "admin.logentry", "pk": 98, "fields": {"action_time": "2024-02-29T04:19:59.488Z", "user": 2, "content_type": 4, "object_id": "44", "object_repr": "4.  About half of the time", "action_flag": 3, "change_message": ""}}, {"model": "admin.logentry", "pk": 99, "fields": {"action_time": "2024-02-29T04:19:59.493Z", "user": 2, "content_type": 4, "object_id": "45", "object_repr": "4.  About half of the time", "action_flag": 3, "change_message": ""}}, {"model": "admin.logentry", "pk": 100, "fields": {"action_time": "2024-02-29T04:19:59.497Z", "user": 2, "content_type": 4, "object_id": "46", "object_repr": "1. Never", "action_flag": 3, "change_message": ""}}, {"model": "admin.logentry", "pk": 101, "fields": {"action_time": "2024-02-29T04:19:59.500Z", "user": 2, "content_type": 4, "object_id": "47", "object_repr": "3.  Some of the time", "action_flag": 3, "change_message": ""}}, {"model": "admin.logentry", "pk": 102, "fields": {"action_time": "2024-02-29T04:19:59.500Z", "user": 2, "content_type": 4, "object_id": "48", "object_repr": "2.  Almost never", "action_flag": 3, "change_message": ""}}, {"model": "admin.logentry", "pk": 103, "fields": {"action_time": "2024-02-29T04:19:59.500Z", "user": 2, "content_type": 4, "object_id": "49", "object_repr": "4.  About half of the time", "action_flag": 3, "change_message": ""}}, {"model": "admin.logentry", "pk": 104, "fields": {"action_time": "2024-02-29T04:19:59.517Z", "user": 2, "content_type": 4, "object_id": "50", "object_repr": "6.  Almost always", "action_flag": 3, "change_message": ""}}, {"model": "admin.logentry", "pk": 105, "fields": {"action_time": "2024-02-29T04:19:59.522Z", "user": 2, "content_type": 4, "object_id": "51", "object_repr": "5.  Most of the time", "action_flag": 3, "change_message": ""}}, {"model": "admin.logentry", "pk": 106, "fields": {"action_time": "2024-02-29T04:19:59.526Z", "user": 2, "content_type": 4, "object_id": "52", "object_repr": "4.  About half of the time", "action_flag": 3, "change_message": ""}}, {"model": "admin.logentry", "pk": 107, "fields": {"action_time": "2024-02-29T04:19:59.532Z", "user": 2, "content_type": 4, "object_id": "53", "object_repr": "3.  Some of the time", "action_flag": 3, "change_message": ""}}, {"model": "admin.logentry", "pk": 108, "fields": {"action_time": "2024-02-29T04:19:59.533Z", "user": 2, "content_type": 4, "object_id": "54", "object_repr": "3.  Some of the time", "action_flag": 3, "change_message": ""}}, {"model": "admin.logentry", "pk": 109, "fields": {"action_time": "2024-02-29T04:19:59.533Z", "user": 2, "content_type": 4, "object_id": "55", "object_repr": "4.  About half of the time", "action_flag": 3, "change_message": ""}}, {"model": "admin.logentry", "pk": 110, "fields": {"action_time": "2024-02-29T04:19:59.533Z", "user": 2, "content_type": 4, "object_id": "56", "object_repr": "5.  Most of the time", "action_flag": 3, "change_message": ""}}, {"model": "admin.logentry", "pk": 111, "fields": {"action_time": "2024-02-29T04:19:59.551Z", "user": 2, "content_type": 4, "object_id": "57", "object_repr": "5.  Most of the time", "action_flag": 3, "change_message": ""}}, {"model": "admin.logentry", "pk": 112, "fields": {"action_time": "2024-02-29T04:19:59.556Z", "user": 2, "content_type": 4, "object_id": "58", "object_repr": "4.  About half of the time", "action_flag": 3, "change_message": ""}}, {"model": "admin.logentry", "pk": 113, "fields": {"action_time": "2024-02-29T04:19:59.560Z", "user": 2, "content_type": 4, "object_id": "59", "object_repr": "4.  About half of the time", "action_flag": 3, "change_message": ""}}, {"model": "admin.logentry", "pk": 114, "fields": {"action_time": "2024-02-29T04:19:59.566Z", "user": 2, "content_type": 4, "object_id": "60", "object_repr": "3.  Some of the time", "action_flag": 3, "change_message": ""}}, {"model": "admin.logentry", "pk": 115, "fields": {"action_time": "2024-02-29T04:19:59.566Z", "user": 2, "content_type": 4, "object_id": "61", "object_repr": "4.  About half of the time", "action_flag": 3, "change_message": ""}}, {"model": "admin.logentry", "pk": 116, "fields": {"action_time": "2024-02-29T04:19:59.566Z", "user": 2, "content_type": 4, "object_id": "62", "object_repr": "4.  About half of the time", "action_flag": 3, "change_message": ""}}, {"model": "admin.logentry", "pk": 117, "fields": {"action_time": "2024-02-29T04:19:59.566Z", "user": 2, "content_type": 4, "object_id": "63", "object_repr": "4.  About half of the time", "action_flag": 3, "change_message": ""}}, {"model": "admin.logentry", "pk": 118, "fields": {"action_time": "2024-02-29T04:19:59.585Z", "user": 2, "content_type": 4, "object_id": "64", "object_repr": "4.  About half of the time", "action_flag": 3, "change_message": ""}}, {"model": "admin.logentry", "pk": 119, "fields": {"action_time": "2024-02-29T04:19:59.590Z", "user": 2, "content_type": 4, "object_id": "65", "object_repr": "4.  About half of the time", "action_flag": 3, "change_message": ""}}, {"model": "admin.logentry", "pk": 120, "fields": {"action_time": "2024-02-29T04:19:59.595Z", "user": 2, "content_type": 4, "object_id": "66", "object_repr": "4.  About half of the time", "action_flag": 3, "change_message": ""}}, {"model": "admin.logentry", "pk": 121, "fields": {"action_time": "2024-02-29T04:19:59.600Z", "user": 2, "content_type": 4, "object_id": "67", "object_repr": "4.  About half of the time", "action_flag": 3, "change_message": ""}}, {"model": "admin.logentry", "pk": 122, "fields": {"action_time": "2024-02-29T04:19:59.600Z", "user": 2, "content_type": 4, "object_id": "68", "object_repr": "5.  Most of the time", "action_flag": 3, "change_message": ""}}, {"model": "admin.logentry", "pk": 123, "fields": {"action_time": "2024-02-29T04:19:59.600Z", "user": 2, "content_type": 4, "object_id": "69", "object_repr": "5.  Most of the time", "action_flag": 3, "change_message": ""}}, {"model": "admin.logentry", "pk": 124, "fields": {"action_time": "2024-02-29T04:19:59.600Z", "user": 2, "content_type": 4, "object_id": "70", "object_repr": "6.  Almost always", "action_flag": 3, "change_message": ""}}, {"model": "admin.logentry", "pk": 125, "fields": {"action_time": "2024-02-29T04:19:59.619Z", "user": 2, "content_type": 4, "object_id": "71", "object_repr": "6.  Almost always", "action_flag": 3, "change_message": ""}}, {"model": "admin.logentry", "pk": 126, "fields": {"action_time": "2024-02-29T04:19:59.624Z", "user": 2, "content_type": 4, "object_id": "72", "object_repr": "4.  About half of the time", "action_flag": 3, "change_message": ""}}, {"model": "admin.logentry", "pk": 127, "fields": {"action_time": "2024-02-29T04:19:59.629Z", "user": 2, "content_type": 4, "object_id": "73", "object_repr": "4.  About half of the time", "action_flag": 3, "change_message": ""}}, {"model": "admin.logentry", "pk": 128, "fields": {"action_time": "2024-02-29T04:19:59.633Z", "user": 2, "content_type": 4, "object_id": "74", "object_repr": "2.  Almost never", "action_flag": 3, "change_message": ""}}, {"model": "admin.logentry", "pk": 129, "fields": {"action_time": "2024-02-29T04:19:59.633Z", "user": 2, "content_type": 4, "object_id": "75", "object_repr": "4.  About half of the time", "action_flag": 3, "change_message": ""}}, {"model": "admin.logentry", "pk": 130, "fields": {"action_time": "2024-02-29T04:19:59.633Z", "user": 2, "content_type": 4, "object_id": "76", "object_repr": "2.  Almost never", "action_flag": 3, "change_message": ""}}, {"model": "admin.logentry", "pk": 131, "fields": {"action_time": "2024-02-29T04:19:59.649Z", "user": 2, "content_type": 4, "object_id": "77", "object_repr": "6.  Almost always", "action_flag": 3, "change_message": ""}}, {"model": "admin.logentry", "pk": 132, "fields": {"action_time": "2024-02-29T04:19:59.654Z", "user": 2, "content_type": 4, "object_id": "78", "object_repr": "6.  Almost always", "action_flag": 3, "change_message": ""}}, {"model": "admin.logentry", "pk": 133, "fields": {"action_time": "2024-02-29T04:19:59.658Z", "user": 2, "content_type": 4, "object_id": "79", "object_repr": "6.  Almost always", "action_flag": 3, "change_message": ""}}, {"model": "admin.logentry", "pk": 134, "fields": {"action_time": "2024-02-29T04:19:59.663Z", "user": 2, "content_type": 4, "object_id": "80", "object_repr": "3.  Some of the time", "action_flag": 3, "change_message": ""}}, {"model": "admin.logentry", "pk": 135, "fields": {"action_time": "2024-02-29T04:19:59.666Z", "user": 2, "content_type": 4, "object_id": "81", "object_repr": "3.  Some of the time", "action_flag": 3, "change_message": ""}}, {"model": "admin.logentry", "pk": 136, "fields": {"action_time": "2024-02-29T04:19:59.666Z", "user": 2, "content_type": 4, "object_id": "82", "object_repr": "3.  Some of the time", "action_flag": 3, "change_message": ""}}, {"model": "admin.logentry", "pk": 137, "fields": {"action_time": "2024-02-29T04:19:59.666Z", "user": 2, "content_type": 4, "object_id": "83", "object_repr": "3.  Some of the time", "action_flag": 3, "change_message": ""}}, {"model": "admin.logentry", "pk": 138, "fields": {"action_time": "2024-02-29T04:27:59.153Z", "user": 2, "content_type": 4, "object_id": "84", "object_repr": "4.  About half of the time", "action_flag": 3, "change_message": ""}}, {"model": "admin.logentry", "pk": 139, "fields": {"action_time": "2024-02-29T04:27:59.159Z", "user": 2, "content_type": 4, "object_id": "85", "object_repr": "3.  Some of the time", "action_flag": 3, "change_message": ""}}, {"model": "admin.logentry", "pk": 140, "fields": {"action_time": "2024-02-29T04:27:59.164Z", "user": 2, "content_type": 4, "object_id": "86", "object_repr": "4.  About half of the time", "action_flag": 3, "change_message": ""}}, {"model": "admin.logentry", "pk": 141, "fields": {"action_time": "2024-02-29T04:27:59.169Z", "user": 2, "content_type": 4, "object_id": "87", "object_repr": "5.  Most of the time", "action_flag": 3, "change_message": ""}}, {"model": "admin.logentry", "pk": 142, "fields": {"action_time": "2024-02-29T04:27:59.173Z", "user": 2, "content_type": 4, "object_id": "88", "object_repr": "4.  About half of the time", "action_flag": 3, "change_message": ""}}, {"model": "admin.logentry", "pk": 143, "fields": {"action_time": "2024-02-29T04:27:59.177Z", "user": 2, "content_type": 4, "object_id": "89", "object_repr": "4.  About half of the time", "action_flag": 3, "change_message": ""}}, {"model": "admin.logentry", "pk": 144, "fields": {"action_time": "2024-02-29T04:27:59.177Z", "user": 2, "content_type": 4, "object_id": "90", "object_repr": "6.  Almost always", "action_flag": 3, "change_message": ""}}, {"model": "admin.logentry", "pk": 145, "fields": {"action_time": "2024-02-29T04:27:59.177Z", "user": 2, "content_type": 4, "object_id": "91", "object_repr": "3.  Some of the time", "action_flag": 3, "change_message": ""}}, {"model": "admin.logentry", "pk": 146, "fields": {"action_time": "2024-02-29T04:27:59.194Z", "user": 2, "content_type": 4, "object_id": "92", "object_repr": "5.  Most of the time", "action_flag": 3, "change_message": ""}}, {"model": "admin.logentry", "pk": 147, "fields": {"action_time": "2024-02-29T04:27:59.199Z", "user": 2, "content_type": 4, "object_id": "93", "object_repr": "6.  Almost always", "action_flag": 3, "change_message": ""}}, {"model": "admin.logentry", "pk": 148, "fields": {"action_time": "2024-02-29T04:27:59.203Z", "user": 2, "content_type": 4, "object_id": "94", "object_repr": "6.  Almost always", "action_flag": 3, "change_message": ""}}, {"model": "admin.logentry", "pk": 149, "fields": {"action_time": "2024-02-29T04:27:59.208Z", "user": 2, "content_type": 4, "object_id": "95", "object_repr": "4.  About half of the time", "action_flag": 3, "change_message": ""}}, {"model": "admin.logentry", "pk": 150, "fields": {"action_time": "2024-02-29T04:27:59.211Z", "user": 2, "content_type": 4, "object_id": "96", "object_repr": "6.  Almost always", "action_flag": 3, "change_message": ""}}, {"model": "admin.logentry", "pk": 151, "fields": {"action_time": "2024-02-29T04:27:59.211Z", "user": 2, "content_type": 4, "object_id": "97", "object_repr": "5.  Most of the time", "action_flag": 3, "change_message": ""}}, {"model": "admin.logentry", "pk": 152, "fields": {"action_time": "2024-02-29T04:27:59.211Z", "user": 2, "content_type": 4, "object_id": "98", "object_repr": "5.  Most of the time", "action_flag": 3, "change_message": ""}}, {"model": "admin.logentry", "pk": 153, "fields": {"action_time": "2024-02-29T04:27:59.228Z", "user": 2, "content_type": 4, "object_id": "99", "object_repr": "3.  Some of the time", "action_flag": 3, "change_message": ""}}, {"model": "admin.logentry", "pk": 154, "fields": {"action_time": "2024-02-29T04:27:59.234Z", "user": 2, "content_type": 4, "object_id": "100", "object_repr": "4.  About half of the time", "action_flag": 3, "change_message": ""}}, {"model": "auth.permission", "pk": 1, "fields": {"name": "Can add category", "content_type": 1, "codename": "add_category"}}, {"model": "auth.permission", "pk": 2, "fields": {"name": "Can change category", "content_type": 1, "codename": "change_category"}}, {"model": "auth.permission", "pk": 3, "fields": {"name": "Can delete category", "content_type": 1, "codename": "delete_category"}}, {"model": "auth.permission", "pk": 4, "fields": {"name": "Can view category", "content_type": 1, "codename": "view_category"}}, {"model": "auth.permission", "pk": 5, "fields": {"name": "Can add factor", "content_type": 2, "codename": "add_factors"}}, {"model": "auth.permission", "pk": 6, "fields": {"name": "Can change factor", "content_type": 2, "codename": "change_factors"}}, {"model": "auth.permission", "pk": 7, "fields": {"name": "Can delete factor", "content_type": 2, "codename": "delete_factors"}}, {"model": "auth.permission", "pk": 8, "fields": {"name": "Can view factor", "content_type": 2, "codename": "view_factors"}}, {"model": "auth.permission", "pk": 9, "fields": {"name": "Can add question", "content_type": 3, "codename": "add_question"}}, {"model": "auth.permission", "pk": 10, "fields": {"name": "Can change question", "content_type": 3, "codename": "change_question"}}, {"model": "auth.permission", "pk": 11, "fields": {"name": "Can delete question", "content_type": 3, "codename": "delete_question"}}, {"model": "auth.permission", "pk": 12, "fields": {"name": "Can view question", "content_type": 3, "codename": "view_question"}}, {"model": "auth.permission", "pk": 13, "fields": {"name": "Can add response", "content_type": 4, "codename": "add_response"}}, {"model": "auth.permission", "pk": 14, "fields": {"name": "Can change response", "content_type": 4, "codename": "change_response"}}, {"model": "auth.permission", "pk": 15, "fields": {"name": "Can delete response", "content_type": 4, "codename": "delete_response"}}, {"model": "auth.permission", "pk": 16, "fields": {"name": "Can view response", "content_type": 4, "codename": "view_response"}}, {"model": "auth.permission", "pk": 17, "fields": {"name": "Can add user profile", "content_type": 5, "codename": "add_userprofile"}}, {"model": "auth.permission", "pk": 18, "fields": {"name": "Can change user profile", "content_type": 5, "codename": "change_userprofile"}}, {"model": "auth.permission", "pk": 19, "fields": {"name": "Can delete user profile", "content_type": 5, "codename": "delete_userprofile"}}, {"model": "auth.permission", "pk": 20, "fields": {"name": "Can view user profile", "content_type": 5, "codename": "view_userprofile"}}, {"model": "auth.permission", "pk": 21, "fields": {"name": "Can add questionnaire", "content_type": 6, "codename": "add_questionnaire"}}, {"model": "auth.permission", "pk": 22, "fields": {"name": "Can change questionnaire", "content_type": 6, "codename": "change_questionnaire"}}, {"model": "auth.permission", "pk": 23, "fields": {"name": "Can delete questionnaire", "content_type": 6, "codename": "delete_questionnaire"}}, {"model": "auth.permission", "pk": 24, "fields": {"name": "Can view questionnaire", "content_type": 6, "codename": "view_questionnaire"}}, {"model": "auth.permission", "pk": 25, "fields": {"name": "Can add log entry", "content_type": 7, "codename": "add_logentry"}}, {"model": "auth.permission", "pk": 26, "fields": {"name": "Can change log entry", "content_type": 7, "codename": "change_logentry"}}, {"model": "auth.permission", "pk": 27, "fields": {"name": "Can delete log entry", "content_type": 7, "codename": "delete_logentry"}}, {"model": "auth.permission", "pk": 28, "fields": {"name": "Can view log entry", "content_type": 7, "codename": "view_logentry"}}, {"model": "auth.permission", "pk": 29, "fields": {"name": "Can add permission", "content_type": 8, "codename": "add_permission"}}, {"model": "auth.permission", "pk": 30, "fields": {"name": "Can change permission", "content_type": 8, "codename": "change_permission"}}, {"model": "auth.permission", "pk": 31, "fields": {"name": "Can delete permission", "content_type": 8, "codename": "delete_permission"}}, {"model": "auth.permission", "pk": 32, "fields": {"name": "Can view permission", "content_type": 8, "codename": "view_permission"}}, {"model": "auth.permission", "pk": 33, "fields": {"name": "Can add group", "content_type": 9, "codename": "add_group"}}, {"model": "auth.permission", "pk": 34, "fields": {"name": "Can change group", "content_type": 9, "codename": "change_group"}}, {"model": "auth.permission", "pk": 35, "fields": {"name": "Can delete group", "content_type": 9, "codename": "delete_group"}}, {"model": "auth.permission", "pk": 36, "fields": {"name": "Can view group", "content_type": 9, "codename": "view_group"}}, {"model": "auth.permission", "pk": 37, "fields": {"name": "Can add user", "content_type": 10, "codename": "add_user"}}, {"model": "auth.permission", "pk": 38, "fields": {"name": "Can change user", "content_type": 10, "codename": "change_user"}}, {"model": "auth.permission", "pk": 39, "fields": {"name": "Can delete user", "content_type": 10, "codename": "delete_user"}}, {"model": "auth.permission", "pk": 40, "fields": {"name": "Can view user", "content_type": 10, "codename": "view_user"}}, {"model": "auth.permission", "pk": 41, "fields": {"name": "Can add content type", "content_type": 11, "codename": "add_contenttype"}}, {"model": "auth.permission", "pk": 42, "fields": {"name": "Can change content type", "content_type": 11, "codename": "change_contenttype"}}, {"model": "auth.permission", "pk": 43, "fields": {"name": "Can delete content type", "content_type": 11, "codename": "delete_contenttype"}}, {"model": "auth.permission", "pk": 44, "fields": {"name": "Can view content type", "content_type": 11, "codename": "view_contenttype"}}, {"model": "auth.permission", "pk": 45, "fields": {"name": "Can add session", "content_type": 12, "codename": "add_session"}}, {"model": "auth.permission", "pk": 46, "fields": {"name": "Can change session", "content_type": 12, "codename": "change_session"}}, {"model": "auth.permission", "pk": 47, "fields": {"name": "Can delete session", "content_type": 12, "codename": "delete_session"}}, {"model": "auth.permission", "pk": 48, "fields": {"name": "Can view session", "content_type": 12, "codename": "view_session"}}, {"model": "auth.permission", "pk": 49, "fields": {"name": "Can add submitted response", "content_type": 13, "codename": "add_submittedresponse"}}, {"model": "auth.permission", "pk": 50, "fields": {"name": "Can change submitted response", "content_type": 13, "codename": "change_submittedresponse"}}, {"model": "auth.permission", "pk": 51, "fields": {"name": "Can delete submitted response", "content_type": 13, "codename": "delete_submittedresponse"}}, {"model": "auth.permission", "pk": 52, "fields": {"name": "Can view submitted response", "content_type": 13, "codename": "view_submittedresponse"}}, {"model": "auth.group", "pk": 1, "fields": {"name": "Staff", "permissions": [1, 2, 3, 4, 5, 6, 7, 8, 9, 10, 11, 12, 21, 22, 23, 24, 13, 14, 15, 16]}}, {"model": "auth.user", "pk": 1, "fields": {"password": "pbkdf2_sha256$720000$ZiNYKsgxCsfzi2HvZAyqAl$4DJHrfyR+P69fNnsex1XYwBD4pVmMQ3F0HLLAur//mk=", "last_login": "2024-02-29T04:54:48.389Z", "is_superuser": true, "username": "admin", "first_name": "", "last_name": "", "email": "", "is_staff": true, "is_active": true, "date_joined": "2024-02-29T02:32:55.821Z", "groups": [], "user_permissions": []}}, {"model": "auth.user", "pk": 2, "fields": {"password": "pbkdf2_sha256$720000$kC4ndnzw46mH6EHBcslICL$qUk9g12XA3aVsladF2nGEhTCTl+QAqjOi5OW9vx/zIE=", "last_login": "2024-02-29T04:10:27.100Z", "is_superuser": false, "username": "darbuotojas", "first_name": "", "last_name": "", "email": "", "is_staff": true, "is_active": true, "date_joined": "2024-02-29T04:07:20Z", "groups": [1], "user_permissions": []}}, {"model": "auth.user", "pk": 3, "fields": {"password": "pbkdf2_sha256$720000$9xQgqqcDpZ2Ejiw0szS4z3$p9IzDfZMDSSjHeVyT4yz66N1VHtxYKbAQwMg86Q1024=", "last_login": "2024-02-29T04:52:34.575Z", "is_superuser": false, "username": "naudotojas", "first_name": "", "last_name": "", "email": "", "is_staff": false, "is_active": true, "date_joined": "2024-02-29T04:52:17.176Z", "groups": [], "user_permissions": []}}, {"model": "contenttypes.contenttype", "pk": 1, "fields": {"app_label": "questionnaire", "model": "category"}}, {"model": "contenttypes.contenttype", "pk": 2, "fields": {"app_label": "questionnaire", "model": "factors"}}, {"model": "contenttypes.contenttype", "pk": 3, "fields": {"app_label": "questionnaire", "model": "question"}}, {"model": "contenttypes.contenttype", "pk": 4, "fields": {"app_label": "questionnaire", "model": "response"}}, {"model": "contenttypes.contenttype", "pk": 5, "fields": {"app_label": "questionnaire", "model": "userprofile"}}, {"model": "contenttypes.contenttype", "pk": 6, "fields": {"app_label": "questionnaire", "model": "questionnaire"}}, {"model": "contenttypes.contenttype", "pk": 7, "fields": {"app_label": "admin", "model": "logentry"}}, {"model": "contenttypes.contenttype", "pk": 8, "fields": {"app_label": "auth", "model": "permission"}}, {"model": "contenttypes.contenttype", "pk": 9, "fields": {"app_label": "auth", "model": "group"}}, {"model": "contenttypes.contenttype", "pk": 10, "fields": {"app_label": "auth", "model": "user"}}, {"model": "contenttypes.contenttype", "pk": 11, "fields": {"app_label": "contenttypes", "model": "contenttype"}}, {"model": "contenttypes.contenttype", "pk": 12, "fields": {"app_label": "sessions", "model": "session"}}, {"model": "contenttypes.contenttype", "pk": 13, "fields": {"app_label": "questionnaire", "model": "submittedresponse"}}, {"model": "sessions.session", "pk": "retxq51hm7gyycxg2ux5dqu9p4f9qzu9", "fields": {"session_data": ".eJxVjEsOwjAMBe-SNYpiR6kDS_acIbITlxRQKvWzqrg7VOoCtm9m3mYSr0tN66xTGoq5GDCn3004P7XtoDy43Uebx7ZMg9hdsQed7W0s-roe7t9B5bl-a6ZAAVmyEyb2BCi5x6LgPVDnMPZUomCks8sdOGXEAF61iz4ogpj3B9t_N1c:1rfYRU:QVDShjh2UIC80pJi-6oN_YJEi455sYwREfCvXPq9UEU", "expire_date": "2024-03-14T04:54:48.408Z"}}]