[{"model": "questionnaire.category", "pk": 1, "fields": {"name": "Mental Health", "owner": 1}}, {"model": "questionnaire.category", "pk": 2, "fields": {"name": "Physical Health", "owner": 1}}, {"model": "questionnaire.questionnaire", "pk": 1, "fields": {"category": 1, "owner": 1, "title": "Drinking Motives Questionnaire (Adolescent Version)", "created_at": "2024-02-29T02:33:29.195Z", "updated_at": "2024-02-29T02:33:29.195Z"}}, {"model": "questionnaire.questionnaire", "pk": 2, "fields": {"category": 1, "owner": 1, "title": "Drinking Motives Questionnaire (Adult Version)", "created_at": "2024-02-29T02:33:35.140Z", "updated_at": "2024-02-29T02:33:35.140Z"}}, {"model": "questionnaire.factors", "pk": 1, "fields": {"questionnaire": 1, "title": "Enhancement Motives"}}, {"model": "questionnaire.factors", "pk": 2, "fields": {"questionnaire": 1, "title": "Coping Motives"}}, {"model": "questionnaire.factors", "pk": 3, "fields": {"questionnaire": 1, "title": "Conformity Motives"}}, {"model": "questionnaire.factors", "pk": 5, "fields": {"questionnaire": 1, "title": "Social Motives"}}, {"model": "questionnaire.question", "pk": 1, "fields": {"questionnaire": 1, "factor": 1, "title": "How often do you drink because you like the feeling?", "responses": [1, 2, 3, 4, 5, 6]}}, {"model": "questionnaire.question", "pk": 2, "fields": {"questionnaire": 1, "factor": 1, "title": "How often do you drink because it’s exciting?", "responses": [1, 2, 3, 4, 5, 6]}}, {"model": "questionnaire.question", "pk": 3, "fields": {"questionnaire": 1, "factor": 1, "title": "How often do you drink to get high?", "responses": [1, 2, 3, 4, 5, 6]}}, {"model": "questionnaire.question", "pk": 4, "fields": {"questionnaire": 1, "factor": 1, "title": "How often do you drink because it gives you a pleasant feeling?", "responses": [1, 2, 3, 4, 5, 6]}}, {"model": "questionnaire.question", "pk": 5, "fields": {"questionnaire": 1, "factor": 1, "title": "How often do you drink because it’s fun?", "responses": [1, 2, 3, 4, 5, 6]}}, {"model": "questionnaire.question", "pk": 6, "fields": {"questionnaire": 1, "factor": 2, "title": "How often do you drink to forget your worries?", "responses": [1, 2, 3, 4, 5, 6]}}, {"model": "questionnaire.question", "pk": 7, "fields": {"questionnaire": 1, "factor": 2, "title": "How often do you drink because it helps you when you feel depressed or nervous?", "responses": [1, 2, 3, 4, 5, 6]}}, {"model": "questionnaire.question", "pk": 8, "fields": {"questionnaire": 1, "factor": 2, "title": "How often do you drink to cheer up when you’re in a bad mood?", "responses": [1, 2, 3, 4, 5, 6]}}, {"model": "questionnaire.question", "pk": 9, "fields": {"questionnaire": 1, "factor": 2, "title": "How often do you drink because you feel more self-confident or sure of yourself?", "responses": [1, 2, 3, 4, 5, 6]}}, {"model": "questionnaire.question", "pk": 10, "fields": {"questionnaire": 1, "factor": 3, "title": "How often do you drink because your friends pressure you to drink?", "responses": [1, 2, 3, 4, 5, 6]}}, {"model": "questionnaire.question", "pk": 11, "fields": {"questionnaire": 1, "factor": 2, "title": "How often do you drink to forget about your problems?", "responses": [1, 2, 3, 4, 5, 6]}}, {"model": "questionnaire.question", "pk": 12, "fields": {"questionnaire": 1, "factor": 3, "title": "How often do you drink so that others won’t kid you about not drinking?", "responses": [1, 2, 3, 4, 5, 6]}}, {"model": "questionnaire.question", "pk": 13, "fields": {"questionnaire": 1, "factor": 3, "title": "How often would you say you drink to fit in with a group you like?", "responses": [1, 2, 3, 4, 5, 6]}}, {"model": "questionnaire.question", "pk": 14, "fields": {"questionnaire": 1, "factor": 3, "title": "How often do you drink to be liked?", "responses": [1, 2, 3, 4, 5, 6]}}, {"model": "questionnaire.question", "pk": 15, "fields": {"questionnaire": 1, "factor": 3, "title": "How often do you drink so you won’t feel left out?", "responses": [1, 2, 3, 4, 5, 6]}}, {"model": "questionnaire.question", "pk": 16, "fields": {"questionnaire": 1, "factor": 5, "title": "How often do you drink because it help you enjoy a party?", "responses": [1, 2, 3, 4, 5, 6]}}, {"model": "questionnaire.question", "pk": 17, "fields": {"questionnaire": 1, "factor": 5, "title": "How often would you say you drink to be sociable?", "responses": [1, 2, 3, 4, 5, 6]}}, {"model": "questionnaire.question", "pk": 18, "fields": {"questionnaire": 1, "factor": 5, "title": "How often do you drink because it makes social gatherings more fun?", "responses": [1, 2, 3, 4, 5, 6]}}, {"model": "questionnaire.question", "pk": 19, "fields": {"questionnaire": 1, "factor": 5, "title": "How often do you drink because it improves parties and celebrations?", "responses": [1, 2, 3, 4, 5, 6]}}, {"model": "questionnaire.question", "pk": 20, "fields": {"questionnaire": 1, "factor": 5, "title": "How often do you drink to celebrate a special occasion with friends?", "responses": [1, 2, 3, 4, 5, 6]}}, {"model": "questionnaire.response", "pk": 1, "fields": {"question": null, "response": "1. Never", "questionnaire": 1}}, {"model": "questionnaire.response", "pk": 2, "fields": {"question": null, "response": "2.  Almost never", "questionnaire": 1}}, {"model": "questionnaire.response", "pk": 3, "fields": {"question": null, "response": "3.  Some of the time", "questionnaire": 1}}, {"model": "questionnaire.response", "pk": 4, "fields": {"question": null, "response": "4.  About half of the time", "questionnaire": 1}}, {"model": "questionnaire.response", "pk": 5, "fields": {"question": null, "response": "5.  Most of the time", "questionnaire": 1}}, {"model": "questionnaire.response", "pk": 6, "fields": {"question": null, "response": "6.  Almost always", "questionnaire": 1}}, {"model": "questionnaire.response", "pk": 7, "fields": {"question": 1, "response": "1. Never", "questionnaire": 1}}, {"model": "questionnaire.response", "pk": 8, "fields": {"question": 2, "response": "2.  Almost never", "questionnaire": 1}}, {"model": "questionnaire.response", "pk": 9, "fields": {"question": 3, "response": "3.  Some of the time", "questionnaire": 1}}, {"model": "questionnaire.response", "pk": 10, "fields": {"question": 4, "response": "4.  About half of the time", "questionnaire": 1}}, {"model": "questionnaire.response", "pk": 11, "fields": {"question": 5, "response": "5.  Most of the time", "questionnaire": 1}}, {"model": "questionnaire.response", "pk": 12, "fields": {"question": 6, "response": "6.  Almost always", "questionnaire": 1}}, {"model": "questionnaire.response", "pk": 13, "fields": {"question": 7, "response": "5.  Most of the time", "questionnaire": 1}}, {"model": "questionnaire.response", "pk": 14, "fields": {"question": 8, "response": "4.  About half of the time", "questionnaire": 1}}, {"model": "questionnaire.response", "pk": 15, "fields": {"question": 9, "response": "3.  Some of the time", "questionnaire": 1}}, {"model": "questionnaire.response", "pk": 16, "fields": {"question": 11, "response": "2.  Almost never", "questionnaire": 1}}, {"model": "questionnaire.response", "pk": 17, "fields": {"question": 12, "response": "1. Never", "questionnaire": 1}}, {"model": "questionnaire.response", "pk": 18, "fields": {"question": 13, "response": "2.  Almost never", "questionnaire": 1}}, {"model": "questionnaire.response", "pk": 19, "fields": {"question": 14, "response": "3.  Some of the time", "questionnaire": 1}}, {"model": "questionnaire.response", "pk": 20, "fields": {"question": 15, "response": "4.  About half of the time", "questionnaire": 1}}, {"model": "questionnaire.response", "pk": 21, "fields": {"question": 16, "response": "5.  Most of the time", "questionnaire": 1}}, {"model": "questionnaire.response", "pk": 22, "fields": {"question": 17, "response": "6.  Almost always", "questionnaire": 1}}, {"model": "questionnaire.response", "pk": 23, "fields": {"question": 18, "response": "5.  Most of the time", "questionnaire": 1}}, {"model": "questionnaire.response", "pk": 24, "fields": {"question": 19, "response": "4.  About half of the time", "questionnaire": 1}}, {"model": "questionnaire.response", "pk": 25, "fields": {"question": 20, "response": "3.  Some of the time", "questionnaire": 1}}, {"model": "questionnaire.response", "pk": 26, "fields": {"question": 1, "response": "4.  About half of the time", "questionnaire": 1}}, {"model": "questionnaire.response", "pk": 27, "fields": {"question": 2, "response": "4.  About half of the time", "questionnaire": 1}}, {"model": "questionnaire.response", "pk": 28, "fields": {"question": 3, "response": "4.  About half of the time", "questionnaire": 1}}, {"model": "questionnaire.response", "pk": 29, "fields": {"question": 4, "response": "4.  About half of the time", "questionnaire": 1}}, {"model": "questionnaire.response", "pk": 30, "fields": {"question": 5, "response": "4.  About half of the time", "questionnaire": 1}}, {"model": "questionnaire.response", "pk": 31, "fields": {"question": 6, "response": "4.  About half of the time", "questionnaire": 1}}, {"model": "questionnaire.response", "pk": 32, "fields": {"question": 7, "response": "4.  About half of the time", "questionnaire": 1}}, {"model": "questionnaire.response", "pk": 33, "fields": {"question": 8, "response": "4.  About half of the time", "questionnaire": 1}}, {"model": "questionnaire.response", "pk": 34, "fields": {"question": 9, "response": "4.  About half of the time", "questionnaire": 1}}, {"model": "questionnaire.response", "pk": 35, "fields": {"question": 10, "response": "4.  About half of the time", "questionnaire": 1}}, {"model": "questionnaire.response", "pk": 36, "fields": {"question": 11, "response": "4.  About half of the time", "questionnaire": 1}}, {"model": "questionnaire.response", "pk": 37, "fields": {"question": 12, "response": "4.  About half of the time", "questionnaire": 1}}, {"model": "questionnaire.response", "pk": 38, "fields": {"question": 13, "response": "4.  About half of the time", "questionnaire": 1}}, {"model": "questionnaire.response", "pk": 39, "fields": {"question": 14, "response": "4.  About half of the time", "questionnaire": 1}}, {"model": "questionnaire.response", "pk": 40, "fields": {"question": 15, "response": "4.  About half of the time", "questionnaire": 1}}, {"model": "questionnaire.response", "pk": 41, "fields": {"question": 16, "response": "4.  About half of the time", "questionnaire": 1}}, {"model": "questionnaire.response", "pk": 42, "fields": {"question": 17, "response": "4.  About half of the time", "questionnaire": 1}}, {"model": "questionnaire.response", "pk": 43, "fields": {"question": 18, "response": "4.  About half of the time", "questionnaire": 1}}, {"model": "questionnaire.response", "pk": 44, "fields": {"question": 19, "response": "4.  About half of the time", "questionnaire": 1}}, {"model": "questionnaire.response", "pk": 45, "fields": {"question": 20, "response": "4.  About half of the time", "questionnaire": 1}}, {"model": "questionnaire.response", "pk": 46, "fields": {"question": 1, "response": "1. Never", "questionnaire": 1}}, {"model": "questionnaire.response", "pk": 47, "fields": {"question": 2, "response": "3.  Some of the time", "questionnaire": 1}}, {"model": "questionnaire.response", "pk": 48, "fields": {"question": 3, "response": "2.  Almost never", "questionnaire": 1}}, {"model": "questionnaire.response", "pk": 49, "fields": {"question": 4, "response": "4.  About half of the time", "questionnaire": 1}}, {"model": "questionnaire.response", "pk": 50, "fields": {"question": 5, "response": "6.  Almost always", "questionnaire": 1}}, {"model": "questionnaire.response", "pk": 51, "fields": {"question": 6, "response": "5.  Most of the time", "questionnaire": 1}}, {"model": "questionnaire.response", "pk": 52, "fields": {"question": 7, "response": "4.  About half of the time", "questionnaire": 1}}, {"model": "questionnaire.response", "pk": 53, "fields": {"question": 8, "response": "3.  Some of the time", "questionnaire": 1}}, {"model": "questionnaire.response", "pk": 54, "fields": {"question": 9, "response": "3.  Some of the time", "questionnaire": 1}}, {"model": "questionnaire.response", "pk": 55, "fields": {"question": 10, "response": "4.  About half of the time", "questionnaire": 1}}, {"model": "questionnaire.response", "pk": 56, "fields": {"question": 11, "response": "5.  Most of the time", "questionnaire": 1}}, {"model": "questionnaire.response", "pk": 57, "fields": {"question": 12, "response": "5.  Most of the time", "questionnaire": 1}}, {"model": "questionnaire.response", "pk": 58, "fields": {"question": 13, "response": "4.  About half of the time", "questionnaire": 1}}, {"model": "questionnaire.response", "pk": 59, "fields": {"question": 14, "response": "4.  About half of the time", "questionnaire": 1}}, {"model": "questionnaire.response", "pk": 60, "fields": {"question": 15, "response": "3.  Some of the time", "questionnaire": 1}}, {"model": "questionnaire.response", "pk": 61, "fields": {"question": 16, "response": "4.  About half of the time", "questionnaire": 1}}, {"model": "questionnaire.response", "pk": 62, "fields": {"question": 17, "response": "4.  About half of the time", "questionnaire": 1}}, {"model": "questionnaire.response", "pk": 63, "fields": {"question": 18, "response": "4.  About half of the time", "questionnaire": 1}}, {"model": "questionnaire.response", "pk": 64, "fields": {"question": 19, "response": "4.  About half of the time", "questionnaire": 1}}, {"model": "questionnaire.response", "pk": 65, "fields": {"question": 20, "response": "4.  About half of the time", "questionnaire": 1}}, {"model": "admin.logentry", "pk": 1, "fields": {"action_time": "2024-02-29T02:33:13.662Z", "user": 1, "content_type": 1, "object_id": "1", "object_repr": "Mental Health", "action_flag": 1, "change_message": "[{\"added\": {}}]"}}, {"model": "admin.logentry", "pk": 2, "fields": {"action_time": "2024-02-29T02:33:18.859Z", "user": 1, "content_type": 1, "object_id": "2", "object_repr": "Physical Health", "action_flag": 1, "change_message": "[{\"added\": {}}]"}}, {"model": "admin.logentry", "pk": 3, "fields": {"action_time": "2024-02-29T02:33:29.195Z", "user": 1, "content_type": 6, "object_id": "1", "object_repr": "Drinking Motives Questionnaire (Adolescent Version)", "action_flag": 1, "change_message": "[{\"added\": {}}]"}}, {"model": "admin.logentry", "pk": 4, "fields": {"action_time": "2024-02-29T02:33:35.140Z", "user": 1, "content_type": 6, "object_id": "2", "object_repr": "Drinking Motives Questionnaire (Adult Version)", "action_flag": 1, "change_message": "[{\"added\": {}}]"}}, {"model": "admin.logentry", "pk": 5, "fields": {"action_time": "2024-02-29T02:39:57.593Z", "user": 1, "content_type": 4, "object_id": "1", "object_repr": "1. Never", "action_flag": 1, "change_message": "[{\"added\": {}}]"}}, {"model": "admin.logentry", "pk": 6, "fields": {"action_time": "2024-02-29T02:40:07.836Z", "user": 1, "content_type": 4, "object_id": "1", "object_repr": "1. Never", "action_flag": 2, "change_message": "[]"}}, {"model": "admin.logentry", "pk": 7, "fields": {"action_time": "2024-02-29T02:40:15.603Z", "user": 1, "content_type": 4, "object_id": "2", "object_repr": "2.  Almost never", "action_flag": 1, "change_message": "[{\"added\": {}}]"}}, {"model": "admin.logentry", "pk": 8, "fields": {"action_time": "2024-02-29T02:41:38.119Z", "user": 1, "content_type": 4, "object_id": "3", "object_repr": "3.  Some of the time", "action_flag": 1, "change_message": "[{\"added\": {}}]"}}, {"model": "admin.logentry", "pk": 9, "fields": {"action_time": "2024-02-29T02:42:05.625Z", "user": 1, "content_type": 4, "object_id": "4", "object_repr": "4.  About half of the time", "action_flag": 1, "change_message": "[{\"added\": {}}]"}}, {"model": "admin.logentry", "pk": 10, "fields": {"action_time": "2024-02-29T02:42:15.539Z", "user": 1, "content_type": 4, "object_id": "5", "object_repr": "5.  Most of the time", "action_flag": 1, "change_message": "[{\"added\": {}}]"}}, {"model": "admin.logentry", "pk": 11, "fields": {"action_time": "2024-02-29T02:42:20.673Z", "user": 1, "content_type": 4, "object_id": "6", "object_repr": "6.  Almost always", "action_flag": 1, "change_message": "[{\"added\": {}}]"}}, {"model": "admin.logentry", "pk": 12, "fields": {"action_time": "2024-02-29T02:42:44.891Z", "user": 1, "content_type": 2, "object_id": "1", "object_repr": "Enhancement Motives", "action_flag": 1, "change_message": "[{\"added\": {}}]"}}, {"model": "admin.logentry", "pk": 13, "fields": {"action_time": "2024-02-29T02:43:11.721Z", "user": 1, "content_type": 2, "object_id": "2", "object_repr": "Coping Motives", "action_flag": 1, "change_message": "[{\"added\": {}}]"}}, {"model": "admin.logentry", "pk": 14, "fields": {"action_time": "2024-02-29T02:43:18.358Z", "user": 1, "content_type": 2, "object_id": "3", "object_repr": "Conformity Motives", "action_flag": 1, "change_message": "[{\"added\": {}}]"}}, {"model": "admin.logentry", "pk": 15, "fields": {"action_time": "2024-02-29T02:43:22.599Z", "user": 1, "content_type": 2, "object_id": "4", "object_repr": "Social", "action_flag": 1, "change_message": "[{\"added\": {}}]"}}, {"model": "admin.logentry", "pk": 16, "fields": {"action_time": "2024-02-29T02:43:30.992Z", "user": 1, "content_type": 2, "object_id": "4", "object_repr": "Social", "action_flag": 3, "change_message": ""}}, {"model": "admin.logentry", "pk": 17, "fields": {"action_time": "2024-02-29T02:43:36.655Z", "user": 1, "content_type": 2, "object_id": "5", "object_repr": "Social Motives", "action_flag": 1, "change_message": "[{\"added\": {}}]"}}, {"model": "admin.logentry", "pk": 18, "fields": {"action_time": "2024-02-29T02:44:19.112Z", "user": 1, "content_type": 3, "object_id": "1", "object_repr": "How often do you drink because you like the feeling?", "action_flag": 1, "change_message": "[{\"added\": {}}]"}}, {"model": "admin.logentry", "pk": 19, "fields": {"action_time": "2024-02-29T02:45:04.166Z", "user": 1, "content_type": 3, "object_id": "2", "object_repr": "How often do you drink because it’s exciting?", "action_flag": 1, "change_message": "[{\"added\": {}}]"}}, {"model": "admin.logentry", "pk": 20, "fields": {"action_time": "2024-02-29T02:45:27.533Z", "user": 1, "content_type": 3, "object_id": "3", "object_repr": "How often do you drink to get high?", "action_flag": 1, "change_message": "[{\"added\": {}}]"}}, {"model": "admin.logentry", "pk": 21, "fields": {"action_time": "2024-02-29T03:02:34.677Z", "user": 1, "content_type": 3, "object_id": "4", "object_repr": "How often do you drink because it gives you a pleasant feeling?", "action_flag": 1, "change_message": "[{\"added\": {}}]"}}, {"model": "admin.logentry", "pk": 22, "fields": {"action_time": "2024-02-29T03:03:01.336Z", "user": 1, "content_type": 3, "object_id": "5", "object_repr": "How often do you drink because it’s fun?", "action_flag": 1, "change_message": "[{\"added\": {}}]"}}, {"model": "admin.logentry", "pk": 23, "fields": {"action_time": "2024-02-29T03:03:31.797Z", "user": 1, "content_type": 3, "object_id": "6", "object_repr": "How often do you drink to forget your worries?", "action_flag": 1, "change_message": "[{\"added\": {}}]"}}, {"model": "admin.logentry", "pk": 24, "fields": {"action_time": "2024-02-29T03:03:40.801Z", "user": 1, "content_type": 3, "object_id": "7", "object_repr": "How often do you drink because it helps you when you feel depressed or nervous?", "action_flag": 1, "change_message": "[{\"added\": {}}]"}}, {"model": "admin.logentry", "pk": 25, "fields": {"action_time": "2024-02-29T03:03:58.999Z", "user": 1, "content_type": 3, "object_id": "8", "object_repr": "How often do you drink to cheer up when you’re in a bad mood?", "action_flag": 1, "change_message": "[{\"added\": {}}]"}}, {"model": "admin.logentry", "pk": 26, "fields": {"action_time": "2024-02-29T03:04:21.519Z", "user": 1, "content_type": 3, "object_id": "9", "object_repr": "How often do you drink because you feel more self-confident or sure of yourself?", "action_flag": 1, "change_message": "[{\"added\": {}}]"}}, {"model": "admin.logentry", "pk": 27, "fields": {"action_time": "2024-02-29T03:08:26.187Z", "user": 1, "content_type": 3, "object_id": "10", "object_repr": "How often do you drink because your friends pressure you to drink?", "action_flag": 1, "change_message": "[{\"added\": {}}]"}}, {"model": "admin.logentry", "pk": 28, "fields": {"action_time": "2024-02-29T03:10:10.922Z", "user": 1, "content_type": 3, "object_id": "11", "object_repr": "How often do you drink to forget about your problems?", "action_flag": 1, "change_message": "[{\"added\": {}}]"}}, {"model": "admin.logentry", "pk": 29, "fields": {"action_time": "2024-02-29T03:10:32.471Z", "user": 1, "content_type": 3, "object_id": "12", "object_repr": "How often do you drink so that others won’t kid you about not drinking?", "action_flag": 1, "change_message": "[{\"added\": {}}]"}}, {"model": "admin.logentry", "pk": 30, "fields": {"action_time": "2024-02-29T03:10:51.739Z", "user": 1, "content_type": 3, "object_id": "13", "object_repr": "How often would you say you drink to fit in with a group you like?", "action_flag": 1, "change_message": "[{\"added\": {}}]"}}, {"model": "admin.logentry", "pk": 31, "fields": {"action_time": "2024-02-29T03:11:07.020Z", "user": 1, "content_type": 3, "object_id": "14", "object_repr": "How often do you drink to be liked?", "action_flag": 1, "change_message": "[{\"added\": {}}]"}}, {"model": "admin.logentry", "pk": 32, "fields": {"action_time": "2024-02-29T03:11:23.629Z", "user": 1, "content_type": 3, "object_id": "15", "object_repr": "How often do you drink so you won’t feel left out?", "action_flag": 1, "change_message": "[{\"added\": {}}]"}}, {"model": "admin.logentry", "pk": 33, "fields": {"action_time": "2024-02-29T03:12:00.575Z", "user": 1, "content_type": 3, "object_id": "16", "object_repr": "How often do you drink because it help you enjoy a party?", "action_flag": 1, "change_message": "[{\"added\": {}}]"}}, {"model": "admin.logentry", "pk": 34, "fields": {"action_time": "2024-02-29T03:12:19.401Z", "user": 1, "content_type": 3, "object_id": "17", "object_repr": "How often would you say you drink to be sociable?", "action_flag": 1, "change_message": "[{\"added\": {}}]"}}, {"model": "admin.logentry", "pk": 35, "fields": {"action_time": "2024-02-29T03:12:38.213Z", "user": 1, "content_type": 3, "object_id": "18", "object_repr": "How often do you drink because it makes social gatherings more fun?", "action_flag": 1, "change_message": "[{\"added\": {}}]"}}, {"model": "admin.logentry", "pk": 36, "fields": {"action_time": "2024-02-29T03:12:57.232Z", "user": 1, "content_type": 3, "object_id": "19", "object_repr": "How often do you drink because it improves parties and celebrations?", "action_flag": 1, "change_message": "[{\"added\": {}}]"}}, {"model": "admin.logentry", "pk": 37, "fields": {"action_time": "2024-02-29T03:13:13.084Z", "user": 1, "content_type": 3, "object_id": "20", "object_repr": "How often do you drink to celebrate a special occasion with friends?", "action_flag": 1, "change_message": "[{\"added\": {}}]"}}, {"model": "auth.permission", "pk": 1, "fields": {"name": "Can add category", "content_type": 1, "codename": "add_category"}}, {"model": "auth.permission", "pk": 2, "fields": {"name": "Can change category", "content_type": 1, "codename": "change_category"}}, {"model": "auth.permission", "pk": 3, "fields": {"name": "Can delete category", "content_type": 1, "codename": "delete_category"}}, {"model": "auth.permission", "pk": 4, "fields": {"name": "Can view category", "content_type": 1, "codename": "view_category"}}, {"model": "auth.permission", "pk": 5, "fields": {"name": "Can add factor", "content_type": 2, "codename": "add_factors"}}, {"model": "auth.permission", "pk": 6, "fields": {"name": "Can change factor", "content_type": 2, "codename": "change_factors"}}, {"model": "auth.permission", "pk": 7, "fields": {"name": "Can delete factor", "content_type": 2, "codename": "delete_factors"}}, {"model": "auth.permission", "pk": 8, "fields": {"name": "Can view factor", "content_type": 2, "codename": "view_factors"}}, {"model": "auth.permission", "pk": 9, "fields": {"name": "Can add question", "content_type": 3, "codename": "add_question"}}, {"model": "auth.permission", "pk": 10, "fields": {"name": "Can change question", "content_type": 3, "codename": "change_question"}}, {"model": "auth.permission", "pk": 11, "fields": {"name": "Can delete question", "content_type": 3, "codename": "delete_question"}}, {"model": "auth.permission", "pk": 12, "fields": {"name": "Can view question", "content_type": 3, "codename": "view_question"}}, {"model": "auth.permission", "pk": 13, "fields": {"name": "Can add response", "content_type": 4, "codename": "add_response"}}, {"model": "auth.permission", "pk": 14, "fields": {"name": "Can change response", "content_type": 4, "codename": "change_response"}}, {"model": "auth.permission", "pk": 15, "fields": {"name": "Can delete response", "content_type": 4, "codename": "delete_response"}}, {"model": "auth.permission", "pk": 16, "fields": {"name": "Can view response", "content_type": 4, "codename": "view_response"}}, {"model": "auth.permission", "pk": 17, "fields": {"name": "Can add user profile", "content_type": 5, "codename": "add_userprofile"}}, {"model": "auth.permission", "pk": 18, "fields": {"name": "Can change user profile", "content_type": 5, "codename": "change_userprofile"}}, {"model": "auth.permission", "pk": 19, "fields": {"name": "Can delete user profile", "content_type": 5, "codename": "delete_userprofile"}}, {"model": "auth.permission", "pk": 20, "fields": {"name": "Can view user profile", "content_type": 5, "codename": "view_userprofile"}}, {"model": "auth.permission", "pk": 21, "fields": {"name": "Can add questionnaire", "content_type": 6, "codename": "add_questionnaire"}}, {"model": "auth.permission", "pk": 22, "fields": {"name": "Can change questionnaire", "content_type": 6, "codename": "change_questionnaire"}}, {"model": "auth.permission", "pk": 23, "fields": {"name": "Can delete questionnaire", "content_type": 6, "codename": "delete_questionnaire"}}, {"model": "auth.permission", "pk": 24, "fields": {"name": "Can view questionnaire", "content_type": 6, "codename": "view_questionnaire"}}, {"model": "auth.permission", "pk": 25, "fields": {"name": "Can add log entry", "content_type": 7, "codename": "add_logentry"}}, {"model": "auth.permission", "pk": 26, "fields": {"name": "Can change log entry", "content_type": 7, "codename": "change_logentry"}}, {"model": "auth.permission", "pk": 27, "fields": {"name": "Can delete log entry", "content_type": 7, "codename": "delete_logentry"}}, {"model": "auth.permission", "pk": 28, "fields": {"name": "Can view log entry", "content_type": 7, "codename": "view_logentry"}}, {"model": "auth.permission", "pk": 29, "fields": {"name": "Can add permission", "content_type": 8, "codename": "add_permission"}}, {"model": "auth.permission", "pk": 30, "fields": {"name": "Can change permission", "content_type": 8, "codename": "change_permission"}}, {"model": "auth.permission", "pk": 31, "fields": {"name": "Can delete permission", "content_type": 8, "codename": "delete_permission"}}, {"model": "auth.permission", "pk": 32, "fields": {"name": "Can view permission", "content_type": 8, "codename": "view_permission"}}, {"model": "auth.permission", "pk": 33, "fields": {"name": "Can add group", "content_type": 9, "codename": "add_group"}}, {"model": "auth.permission", "pk": 34, "fields": {"name": "Can change group", "content_type": 9, "codename": "change_group"}}, {"model": "auth.permission", "pk": 35, "fields": {"name": "Can delete group", "content_type": 9, "codename": "delete_group"}}, {"model": "auth.permission", "pk": 36, "fields": {"name": "Can view group", "content_type": 9, "codename": "view_group"}}, {"model": "auth.permission", "pk": 37, "fields": {"name": "Can add user", "content_type": 10, "codename": "add_user"}}, {"model": "auth.permission", "pk": 38, "fields": {"name": "Can change user", "content_type": 10, "codename": "change_user"}}, {"model": "auth.permission", "pk": 39, "fields": {"name": "Can delete user", "content_type": 10, "codename": "delete_user"}}, {"model": "auth.permission", "pk": 40, "fields": {"name": "Can view user", "content_type": 10, "codename": "view_user"}}, {"model": "auth.permission", "pk": 41, "fields": {"name": "Can add content type", "content_type": 11, "codename": "add_contenttype"}}, {"model": "auth.permission", "pk": 42, "fields": {"name": "Can change content type", "content_type": 11, "codename": "change_contenttype"}}, {"model": "auth.permission", "pk": 43, "fields": {"name": "Can delete content type", "content_type": 11, "codename": "delete_contenttype"}}, {"model": "auth.permission", "pk": 44, "fields": {"name": "Can view content type", "content_type": 11, "codename": "view_contenttype"}}, {"model": "auth.permission", "pk": 45, "fields": {"name": "Can add session", "content_type": 12, "codename": "add_session"}}, {"model": "auth.permission", "pk": 46, "fields": {"name": "Can change session", "content_type": 12, "codename": "change_session"}}, {"model": "auth.permission", "pk": 47, "fields": {"name": "Can delete session", "content_type": 12, "codename": "delete_session"}}, {"model": "auth.permission", "pk": 48, "fields": {"name": "Can view session", "content_type": 12, "codename": "view_session"}}, {"model": "auth.user", "pk": 1, "fields": {"password": "pbkdf2_sha256$720000$ZiNYKsgxCsfzi2HvZAyqAl$4DJHrfyR+P69fNnsex1XYwBD4pVmMQ3F0HLLAur//mk=", "last_login": "2024-02-29T02:33:01.477Z", "is_superuser": true, "username": "admin", "first_name": "", "last_name": "", "email": "", "is_staff": true, "is_active": true, "date_joined": "2024-02-29T02:32:55.821Z", "groups": [], "user_permissions": []}}, {"model": "contenttypes.contenttype", "pk": 1, "fields": {"app_label": "questionnaire", "model": "category"}}, {"model": "contenttypes.contenttype", "pk": 2, "fields": {"app_label": "questionnaire", "model": "factors"}}, {"model": "contenttypes.contenttype", "pk": 3, "fields": {"app_label": "questionnaire", "model": "question"}}, {"model": "contenttypes.contenttype", "pk": 4, "fields": {"app_label": "questionnaire", "model": "response"}}, {"model": "contenttypes.contenttype", "pk": 5, "fields": {"app_label": "questionnaire", "model": "userprofile"}}, {"model": "contenttypes.contenttype", "pk": 6, "fields": {"app_label": "questionnaire", "model": "questionnaire"}}, {"model": "contenttypes.contenttype", "pk": 7, "fields": {"app_label": "admin", "model": "logentry"}}, {"model": "contenttypes.contenttype", "pk": 8, "fields": {"app_label": "auth", "model": "permission"}}, {"model": "contenttypes.contenttype", "pk": 9, "fields": {"app_label": "auth", "model": "group"}}, {"model": "contenttypes.contenttype", "pk": 10, "fields": {"app_label": "auth", "model": "user"}}, {"model": "contenttypes.contenttype", "pk": 11, "fields": {"app_label": "contenttypes", "model": "contenttype"}}, {"model": "contenttypes.contenttype", "pk": 12, "fields": {"app_label": "sessions", "model": "session"}}, {"model": "sessions.session", "pk": "u59imbab3tk84ebqlithao74dej408e0", "fields": {"session_data": ".eJxVjEsOwjAMBe-SNYpiR6kDS_acIbITlxRQKvWzqrg7VOoCtm9m3mYSr0tN66xTGoq5GDCn3004P7XtoDy43Uebx7ZMg9hdsQed7W0s-roe7t9B5bl-a6ZAAVmyEyb2BCi5x6LgPVDnMPZUomCks8sdOGXEAF61iz4ogpj3B9t_N1c:1rfWEH:WcfnTrz6UtZYLYV9VrHAJY43Ypb-h53TpVAnZeAH2CU", "expire_date": "2024-03-14T02:33:01.477Z"}}]